/shared/homes/s1/pig_microbiome/out_new/14159/reads/14159-170131-01_cleaned_paired.fq.gz	29034790
/shared/homes/s1/pig_microbiome/out_new/14159/reads/14159-170203-01_cleaned_paired.fq.gz	32216162
/shared/homes/s1/pig_microbiome/out_new/14159/reads/14159-170207-01_cleaned_paired.fq.gz	39470422
/shared/homes/s1/pig_microbiome/out_new/14159/reads/14159-170210-01_cleaned_paired.fq.gz	19983680
/shared/homes/s1/pig_microbiome/out_new/14159/reads/14159-170214-01_cleaned_paired.fq.gz	30492724
/shared/homes/s1/pig_microbiome/out_new/14159/reads/14159-170221-01_cleaned_paired.fq.gz	38542956
/shared/homes/s1/pig_microbiome/out_new/14159/reads/14159-170224-01_cleaned_paired.fq.gz	13276580
/shared/homes/s1/pig_microbiome/out_new/14159/reads/14159-170228-01_cleaned_paired.fq.gz	24361916
/shared/homes/s1/pig_microbiome/out_new/14159/reads/14159-170303-01_cleaned_paired.fq.gz	29888966
/shared/homes/s1/pig_microbiome/out_new/14159/reads/14159-170309-01_cleaned_paired.fq.gz	34563900
/shared/homes/s1/pig_microbiome/out_new/14160/reads/14160-170131-01_cleaned_paired.fq.gz	29142468
/shared/homes/s1/pig_microbiome/out_new/14160/reads/14160-170201-01_cleaned_paired.fq.gz	3914704
/shared/homes/s1/pig_microbiome/out_new/14160/reads/14160-170201-02_cleaned_paired.fq.gz	39296546
/shared/homes/s1/pig_microbiome/out_new/14160/reads/14160-170207-01_cleaned_paired.fq.gz	49573182
/shared/homes/s1/pig_microbiome/out_new/14160/reads/14160-170214-01_cleaned_paired.fq.gz	33221284
/shared/homes/s1/pig_microbiome/out_new/14161/reads/14161-170131-01_cleaned_paired.fq.gz	18301700
/shared/homes/s1/pig_microbiome/out_new/14161/reads/14161-170207-01_cleaned_paired.fq.gz	28307388
/shared/homes/s1/pig_microbiome/out_new/14161/reads/14161-170214-01_cleaned_paired.fq.gz	17964128
/shared/homes/s1/pig_microbiome/out_new/14162/reads/14162-170201-01_cleaned_paired.fq.gz	29871064
/shared/homes/s1/pig_microbiome/out_new/14162/reads/14162-170201-02_cleaned_paired.fq.gz	42770628
/shared/homes/s1/pig_microbiome/out_new/14162/reads/14162-170207-01_cleaned_paired.fq.gz	49297722
/shared/homes/s1/pig_microbiome/out_new/14162/reads/14162-170214-01_cleaned_paired.fq.gz	26293494
/shared/homes/s1/pig_microbiome/out_new/14162/reads/14162-170216-01_cleaned_paired.fq.gz	24243224
/shared/homes/s1/pig_microbiome/out_new/14163/reads/14163-170131-01_cleaned_paired.fq.gz	31871332
/shared/homes/s1/pig_microbiome/out_new/14163/reads/14163-170207-01_cleaned_paired.fq.gz	34496562
/shared/homes/s1/pig_microbiome/out_new/14163/reads/14163-170214-01_cleaned_paired.fq.gz	84284888
/shared/homes/s1/pig_microbiome/out_new/14163/reads/14163-170216-01_cleaned_paired.fq.gz	36118268
/shared/homes/s1/pig_microbiome/out_new/14169/reads/14169-170131-01_cleaned_paired.fq.gz	41750104
/shared/homes/s1/pig_microbiome/out_new/14171/reads/14171-170131-01_cleaned_paired.fq.gz	40934970
/shared/homes/s1/pig_microbiome/out_new/14171/reads/14171-170207-01_cleaned_paired.fq.gz	29625854
/shared/homes/s1/pig_microbiome/out_new/14171/reads/14171-170214-01_cleaned_paired.fq.gz	34674524
/shared/homes/s1/pig_microbiome/out_new/14171/reads/14171-170217-01_cleaned_paired.fq.gz	33136560
/shared/homes/s1/pig_microbiome/out_new/14172/reads/14172-170131-01_cleaned_paired.fq.gz	44113262
/shared/homes/s1/pig_microbiome/out_new/14172/reads/14172-170207-01_cleaned_paired.fq.gz	38978486
/shared/homes/s1/pig_microbiome/out_new/14172/reads/14172-170214-01_cleaned_paired.fq.gz	75256476
/shared/homes/s1/pig_microbiome/out_new/14172/reads/14172-170216-01_cleaned_paired.fq.gz	38972404
/shared/homes/s1/pig_microbiome/out_new/14172/reads/14172-170216-02_cleaned_paired.fq.gz	40388654
/shared/homes/s1/pig_microbiome/out_new/14174/reads/14174-170131-01_cleaned_paired.fq.gz	20128308
/shared/homes/s1/pig_microbiome/out_new/14174/reads/14174-170131-02_cleaned_paired.fq.gz	50848010
/shared/homes/s1/pig_microbiome/out_new/14174/reads/14174-170207-01_cleaned_paired.fq.gz	31452106
/shared/homes/s1/pig_microbiome/out_new/14174/reads/14174-170214-01_cleaned_paired.fq.gz	48801038
/shared/homes/s1/pig_microbiome/out_new/14174/reads/14174-170217-01_cleaned_paired.fq.gz	24889428
/shared/homes/s1/pig_microbiome/out_new/14182/reads/14182-170131-01_cleaned_paired.fq.gz	34337126
/shared/homes/s1/pig_microbiome/out_new/14182/reads/14182-170206-01_cleaned_paired.fq.gz	28403474
/shared/homes/s1/pig_microbiome/out_new/14183/reads/14183-170131-01_cleaned_paired.fq.gz	22846610
/shared/homes/s1/pig_microbiome/out_new/14183/reads/14183-170207-01_cleaned_paired.fq.gz	39711532
/shared/homes/s1/pig_microbiome/out_new/14183/reads/14183-170214-01_cleaned_paired.fq.gz	75098512
/shared/homes/s1/pig_microbiome/out_new/14183/reads/14183-170221-01_cleaned_paired.fq.gz	72824606
/shared/homes/s1/pig_microbiome/out_new/14183/reads/14183-170228-01_cleaned_paired.fq.gz	74133740
/shared/homes/s1/pig_microbiome/out_new/14183/reads/14183-170308-01_cleaned_paired.fq.gz	43206890
/shared/homes/s1/pig_microbiome/out_new/14184/reads/14184-170131-01_cleaned_paired.fq.gz	26518584
/shared/homes/s1/pig_microbiome/out_new/14184/reads/14184-170203-01_cleaned_paired.fq.gz	36260512
/shared/homes/s1/pig_microbiome/out_new/14184/reads/14184-170210-01_cleaned_paired.fq.gz	34795088
/shared/homes/s1/pig_microbiome/out_new/14184/reads/14184-170214-01_cleaned_paired.fq.gz	28919648
/shared/homes/s1/pig_microbiome/out_new/14184/reads/14184-170221-01_cleaned_paired.fq.gz	36946446
/shared/homes/s1/pig_microbiome/out_new/14184/reads/14184-170224-01_cleaned_paired.fq.gz	32738560
/shared/homes/s1/pig_microbiome/out_new/14184/reads/14184-170228-01_cleaned_paired.fq.gz	24085120
/shared/homes/s1/pig_microbiome/out_new/14184/reads/14184-170303-01_cleaned_paired.fq.gz	29012382
/shared/homes/s1/pig_microbiome/out_new/14184/reads/14184-170306-01_cleaned_paired.fq.gz	39044636
/shared/homes/s1/pig_microbiome/out_new/14186/reads/14186-170131-01_cleaned_paired.fq.gz	29581628
/shared/homes/s1/pig_microbiome/out_new/14186/reads/14186-170203-01_cleaned_paired.fq.gz	43723388
/shared/homes/s1/pig_microbiome/out_new/14186/reads/14186-170207-01_cleaned_paired.fq.gz	30922414
/shared/homes/s1/pig_microbiome/out_new/14186/reads/14186-170210-01_cleaned_paired.fq.gz	31829468
/shared/homes/s1/pig_microbiome/out_new/14186/reads/14186-170214-01_cleaned_paired.fq.gz	24869518
/shared/homes/s1/pig_microbiome/out_new/14186/reads/14186-170221-01_cleaned_paired.fq.gz	49077092
/shared/homes/s1/pig_microbiome/out_new/14186/reads/14186-170224-01_cleaned_paired.fq.gz	37921958
/shared/homes/s1/pig_microbiome/out_new/14186/reads/14186-170228-01_cleaned_paired.fq.gz	30495744
/shared/homes/s1/pig_microbiome/out_new/14186/reads/14186-170303-01_cleaned_paired.fq.gz	34785468
/shared/homes/s1/pig_microbiome/out_new/14186/reads/14186-170307-01_cleaned_paired.fq.gz	23626658
/shared/homes/s1/pig_microbiome/out_new/14187/reads/14187-170131-01_cleaned_paired.fq.gz	25956580
/shared/homes/s1/pig_microbiome/out_new/14187/reads/14187-170203-01_cleaned_paired.fq.gz	20512706
/shared/homes/s1/pig_microbiome/out_new/14187/reads/14187-170207-01_cleaned_paired.fq.gz	26726574
/shared/homes/s1/pig_microbiome/out_new/14187/reads/14187-170210-01_cleaned_paired.fq.gz	37017624
/shared/homes/s1/pig_microbiome/out_new/14187/reads/14187-170214-01_cleaned_paired.fq.gz	35435862
/shared/homes/s1/pig_microbiome/out_new/14187/reads/14187-170221-01_cleaned_paired.fq.gz	38308422
/shared/homes/s1/pig_microbiome/out_new/14187/reads/14187-170224-01_cleaned_paired.fq.gz	32159088
/shared/homes/s1/pig_microbiome/out_new/14187/reads/14187-170228-01_cleaned_paired.fq.gz	39530174
/shared/homes/s1/pig_microbiome/out_new/14187/reads/14187-170303-01_cleaned_paired.fq.gz	31722544
/shared/homes/s1/pig_microbiome/out_new/14187/reads/14187-170309-01_cleaned_paired.fq.gz	37040112
/shared/homes/s1/pig_microbiome/out_new/14188/reads/14188-170131-01_cleaned_paired.fq.gz	33413652
/shared/homes/s1/pig_microbiome/out_new/14188/reads/14188-170203-01_cleaned_paired.fq.gz	55012104
/shared/homes/s1/pig_microbiome/out_new/14188/reads/14188-170207-01_cleaned_paired.fq.gz	22034008
/shared/homes/s1/pig_microbiome/out_new/14188/reads/14188-170210-01_cleaned_paired.fq.gz	29941788
/shared/homes/s1/pig_microbiome/out_new/14188/reads/14188-170214-01_cleaned_paired.fq.gz	29208602
/shared/homes/s1/pig_microbiome/out_new/14188/reads/14188-170221-01_cleaned_paired.fq.gz	26410890
/shared/homes/s1/pig_microbiome/out_new/14188/reads/14188-170224-01_cleaned_paired.fq.gz	27766016
/shared/homes/s1/pig_microbiome/out_new/14188/reads/14188-170228-01_cleaned_paired.fq.gz	43857186
/shared/homes/s1/pig_microbiome/out_new/14188/reads/14188-170303-01_cleaned_paired.fq.gz	43597218
/shared/homes/s1/pig_microbiome/out_new/14188/reads/14188-170310-01_cleaned_paired.fq.gz	36051874
/shared/homes/s1/pig_microbiome/out_new/14190/reads/14190-170131-01_cleaned_paired.fq.gz	33354930
/shared/homes/s1/pig_microbiome/out_new/14190/reads/14190-170131-02_cleaned_paired.fq.gz	36295278
/shared/homes/s1/pig_microbiome/out_new/14190/reads/14190-170131-03_cleaned_paired.fq.gz	21132924
/shared/homes/s1/pig_microbiome/out_new/14190/reads/14190-170207-01_cleaned_paired.fq.gz	25817374
/shared/homes/s1/pig_microbiome/out_new/14190/reads/14190-170214-01_cleaned_paired.fq.gz	38285840
/shared/homes/s1/pig_microbiome/out_new/14192/reads/14192-170131-01_cleaned_paired.fq.gz	33741922
/shared/homes/s1/pig_microbiome/out_new/14192/reads/14192-170131-02_cleaned_paired.fq.gz	26132332
/shared/homes/s1/pig_microbiome/out_new/14192/reads/14192-170201-01_cleaned_paired.fq.gz	32322184
/shared/homes/s1/pig_microbiome/out_new/14192/reads/14192-170206-01_cleaned_paired.fq.gz	57612988
/shared/homes/s1/pig_microbiome/out_new/14193/reads/14193-170131-01_cleaned_paired.fq.gz	31486420
/shared/homes/s1/pig_microbiome/out_new/14193/reads/14193-170131-02_cleaned_paired.fq.gz	41533184
/shared/homes/s1/pig_microbiome/out_new/14193/reads/14193-170207-01_cleaned_paired.fq.gz	40541700
/shared/homes/s1/pig_microbiome/out_new/14193/reads/14193-170214-01_cleaned_paired.fq.gz	28678280
/shared/homes/s1/pig_microbiome/out_new/14193/reads/14193-170217-01_cleaned_paired.fq.gz	36543088
/shared/homes/s1/pig_microbiome/out_new/14194/reads/14194-170131-01_cleaned_paired.fq.gz	16648714
/shared/homes/s1/pig_microbiome/out_new/14194/reads/14194-170207-01_cleaned_paired.fq.gz	28531522
/shared/homes/s1/pig_microbiome/out_new/14194/reads/14194-170207-02_cleaned_paired.fq.gz	50538004
/shared/homes/s1/pig_microbiome/out_new/14194/reads/14194-170214-01_cleaned_paired.fq.gz	33110150
/shared/homes/s1/pig_microbiome/out_new/14194/reads/14194-170221-01_cleaned_paired.fq.gz	9518
/shared/homes/s1/pig_microbiome/out_new/14194/reads/14194-170228-01_cleaned_paired.fq.gz	34246292
/shared/homes/s1/pig_microbiome/out_new/14194/reads/14194-170309-01_cleaned_paired.fq.gz	33723664
/shared/homes/s1/pig_microbiome/out_new/14195/reads/14195-170131-01_cleaned_paired.fq.gz	26482208
/shared/homes/s1/pig_microbiome/out_new/14195/reads/14195-170207-01_cleaned_paired.fq.gz	24620672
/shared/homes/s1/pig_microbiome/out_new/14195/reads/14195-170214-01_cleaned_paired.fq.gz	41584194
/shared/homes/s1/pig_microbiome/out_new/14195/reads/14195-170221-01_cleaned_paired.fq.gz	45735110
/shared/homes/s1/pig_microbiome/out_new/14195/reads/14195-170228-01_cleaned_paired.fq.gz	58374978
/shared/homes/s1/pig_microbiome/out_new/14195/reads/14195-170308-01_cleaned_paired.fq.gz	42270880
/shared/homes/s1/pig_microbiome/out_new/14200/reads/14200-170131-01_cleaned_paired.fq.gz	35778006
/shared/homes/s1/pig_microbiome/out_new/14201/reads/14201-170131-01_cleaned_paired.fq.gz	38078518
/shared/homes/s1/pig_microbiome/out_new/14201/reads/14201-170207-01_cleaned_paired.fq.gz	21715708
/shared/homes/s1/pig_microbiome/out_new/14201/reads/14201-170214-01_cleaned_paired.fq.gz	41998842
/shared/homes/s1/pig_microbiome/out_new/14201/reads/14201-170217-01_cleaned_paired.fq.gz	38971064
/shared/homes/s1/pig_microbiome/out_new/14204/reads/14204-170131-01_cleaned_paired.fq.gz	27836294
/shared/homes/s1/pig_microbiome/out_new/14204/reads/14204-170206-01_cleaned_paired.fq.gz	39692978
/shared/homes/s1/pig_microbiome/out_new/14205/reads/14205-170131-01_cleaned_paired.fq.gz	43544518
/shared/homes/s1/pig_microbiome/out_new/14205/reads/14205-170207-01_cleaned_paired.fq.gz	19258138
/shared/homes/s1/pig_microbiome/out_new/14205/reads/14205-170214-01_cleaned_paired.fq.gz	93889784
/shared/homes/s1/pig_microbiome/out_new/14205/reads/14205-170221-01_cleaned_paired.fq.gz	47624030
/shared/homes/s1/pig_microbiome/out_new/14205/reads/14205-170228-01_cleaned_paired.fq.gz	40154786
/shared/homes/s1/pig_microbiome/out_new/14205/reads/14205-170309-01_cleaned_paired.fq.gz	25901162
/shared/homes/s1/pig_microbiome/out_new/14207/reads/14207-170131-01_cleaned_paired.fq.gz	24046170
/shared/homes/s1/pig_microbiome/out_new/14207/reads/14207-170206-01_cleaned_paired.fq.gz	37680674
/shared/homes/s1/pig_microbiome/out_new/14208/reads/14208-170131-01_cleaned_paired.fq.gz	29495960
/shared/homes/s1/pig_microbiome/out_new/14208/reads/14208-170203-01_cleaned_paired.fq.gz	49876278
/shared/homes/s1/pig_microbiome/out_new/14208/reads/14208-170207-01_cleaned_paired.fq.gz	26821188
/shared/homes/s1/pig_microbiome/out_new/14208/reads/14208-170208-01_cleaned_paired.fq.gz	32949208
/shared/homes/s1/pig_microbiome/out_new/14208/reads/14208-170210-01_cleaned_paired.fq.gz	23618
/shared/homes/s1/pig_microbiome/out_new/14208/reads/14208-170214-01_cleaned_paired.fq.gz	32302548
/shared/homes/s1/pig_microbiome/out_new/14208/reads/14208-170221-01_cleaned_paired.fq.gz	43974626
/shared/homes/s1/pig_microbiome/out_new/14208/reads/14208-170224-01_cleaned_paired.fq.gz	24211914
/shared/homes/s1/pig_microbiome/out_new/14208/reads/14208-170228-01_cleaned_paired.fq.gz	46196942
/shared/homes/s1/pig_microbiome/out_new/14208/reads/14208-170303-01_cleaned_paired.fq.gz	24762858
/shared/homes/s1/pig_microbiome/out_new/14208/reads/14208-170309-01_cleaned_paired.fq.gz	43100108
/shared/homes/s1/pig_microbiome/out_new/14209/reads/14209-170131-01_cleaned_paired.fq.gz	31233386
/shared/homes/s1/pig_microbiome/out_new/14209/reads/14209-170203-01_cleaned_paired.fq.gz	30360712
/shared/homes/s1/pig_microbiome/out_new/14209/reads/14209-170207-01_cleaned_paired.fq.gz	30096
/shared/homes/s1/pig_microbiome/out_new/14209/reads/14209-170210-01_cleaned_paired.fq.gz	36478776
/shared/homes/s1/pig_microbiome/out_new/14209/reads/14209-170214-01_cleaned_paired.fq.gz	31854852
/shared/homes/s1/pig_microbiome/out_new/14209/reads/14209-170221-01_cleaned_paired.fq.gz	33336550
/shared/homes/s1/pig_microbiome/out_new/14209/reads/14209-170224-01_cleaned_paired.fq.gz	43798688
/shared/homes/s1/pig_microbiome/out_new/14209/reads/14209-170228-01_cleaned_paired.fq.gz	3586706
/shared/homes/s1/pig_microbiome/out_new/14209/reads/14209-170303-01_cleaned_paired.fq.gz	43204622
/shared/homes/s1/pig_microbiome/out_new/14209/reads/14209-170310-01_cleaned_paired.fq.gz	37765654
/shared/homes/s1/pig_microbiome/out_new/14231/reads/14231-170131-01_cleaned_paired.fq.gz	33099466
/shared/homes/s1/pig_microbiome/out_new/14231/reads/14231-170207-01_cleaned_paired.fq.gz	20338404
/shared/homes/s1/pig_microbiome/out_new/14231/reads/14231-170214-01_cleaned_paired.fq.gz	40266014
/shared/homes/s1/pig_microbiome/out_new/14231/reads/14231-170216-01_cleaned_paired.fq.gz	23399004
/shared/homes/s1/pig_microbiome/out_new/14233/reads/14233-170131-01_cleaned_paired.fq.gz	32545332
/shared/homes/s1/pig_microbiome/out_new/14233/reads/14233-170207-01_cleaned_paired.fq.gz	27503816
/shared/homes/s1/pig_microbiome/out_new/14233/reads/14233-170214-01_cleaned_paired.fq.gz	80224228
/shared/homes/s1/pig_microbiome/out_new/14233/reads/14233-170216-01_cleaned_paired.fq.gz	36023946
/shared/homes/s1/pig_microbiome/out_new/14260/reads/14260-170131-01_cleaned_paired.fq.gz	12121520
/shared/homes/s1/pig_microbiome/out_new/14260/reads/14260-170203-01_cleaned_paired.fq.gz	33546366
/shared/homes/s1/pig_microbiome/out_new/14260/reads/14260-170207-01_cleaned_paired.fq.gz	33739188
/shared/homes/s1/pig_microbiome/out_new/14260/reads/14260-170210-01_cleaned_paired.fq.gz	32640722
/shared/homes/s1/pig_microbiome/out_new/14260/reads/14260-170214-01_cleaned_paired.fq.gz	27086066
/shared/homes/s1/pig_microbiome/out_new/14260/reads/14260-170221-01_cleaned_paired.fq.gz	40037826
/shared/homes/s1/pig_microbiome/out_new/14260/reads/14260-170224-01_cleaned_paired.fq.gz	29750268
/shared/homes/s1/pig_microbiome/out_new/14260/reads/14260-170228-01_cleaned_paired.fq.gz	37103776
/shared/homes/s1/pig_microbiome/out_new/14260/reads/14260-170303-01_cleaned_paired.fq.gz	37095766
/shared/homes/s1/pig_microbiome/out_new/14260/reads/14260-170308-01_cleaned_paired.fq.gz	21276010
/shared/homes/s1/pig_microbiome/out_new/14261/reads/14261-170131-01_cleaned_paired.fq.gz	26114052
/shared/homes/s1/pig_microbiome/out_new/14261/reads/14261-170203-01_cleaned_paired.fq.gz	39199464
/shared/homes/s1/pig_microbiome/out_new/14261/reads/14261-170207-01_cleaned_paired.fq.gz	33683888
/shared/homes/s1/pig_microbiome/out_new/14261/reads/14261-170210-01_cleaned_paired.fq.gz	30557260
/shared/homes/s1/pig_microbiome/out_new/14261/reads/14261-170214-01_cleaned_paired.fq.gz	33366954
/shared/homes/s1/pig_microbiome/out_new/14261/reads/14261-170221-01_cleaned_paired.fq.gz	33642040
/shared/homes/s1/pig_microbiome/out_new/14261/reads/14261-170224-01_cleaned_paired.fq.gz	41639672
/shared/homes/s1/pig_microbiome/out_new/14261/reads/14261-170228-01_cleaned_paired.fq.gz	52448274
/shared/homes/s1/pig_microbiome/out_new/14261/reads/14261-170303-01_cleaned_paired.fq.gz	29323766
/shared/homes/s1/pig_microbiome/out_new/14261/reads/14261-170307-01_cleaned_paired.fq.gz	26166540
/shared/homes/s1/pig_microbiome/out_new/14262/reads/14262-170201-01_cleaned_paired.fq.gz	32555300
/shared/homes/s1/pig_microbiome/out_new/14262/reads/14262-170207-01_cleaned_paired.fq.gz	24381386
/shared/homes/s1/pig_microbiome/out_new/14262/reads/14262-170207-02_cleaned_paired.fq.gz	22869610
/shared/homes/s1/pig_microbiome/out_new/14262/reads/14262-170214-01_cleaned_paired.fq.gz	33853762
/shared/homes/s1/pig_microbiome/out_new/14262/reads/14262-170221-01_cleaned_paired.fq.gz	31036610
/shared/homes/s1/pig_microbiome/out_new/14262/reads/14262-170228-01_cleaned_paired.fq.gz	78618312
/shared/homes/s1/pig_microbiome/out_new/14262/reads/14262-170308-01_cleaned_paired.fq.gz	37134326
/shared/homes/s1/pig_microbiome/out_new/14263/reads/14263-170131-01_cleaned_paired.fq.gz	46555562
/shared/homes/s1/pig_microbiome/out_new/14263/reads/14263-170131-02_cleaned_paired.fq.gz	27181608
/shared/homes/s1/pig_microbiome/out_new/14263/reads/14263-170203-01_cleaned_paired.fq.gz	81804304
/shared/homes/s1/pig_microbiome/out_new/14263/reads/14263-170207-01_cleaned_paired.fq.gz	25821172
/shared/homes/s1/pig_microbiome/out_new/14263/reads/14263-170210-01_cleaned_paired.fq.gz	31474712
/shared/homes/s1/pig_microbiome/out_new/14263/reads/14263-170214-01_cleaned_paired.fq.gz	17339846
/shared/homes/s1/pig_microbiome/out_new/14263/reads/14263-170221-01_cleaned_paired.fq.gz	15480510
/shared/homes/s1/pig_microbiome/out_new/14263/reads/14263-170224-01_cleaned_paired.fq.gz	22988600
/shared/homes/s1/pig_microbiome/out_new/14263/reads/14263-170228-01_cleaned_paired.fq.gz	29564520
/shared/homes/s1/pig_microbiome/out_new/14263/reads/14263-170303-01_cleaned_paired.fq.gz	35819154
/shared/homes/s1/pig_microbiome/out_new/14263/reads/14263-170310-01_cleaned_paired.fq.gz	28975998
/shared/homes/s1/pig_microbiome/out_new/14265/reads/14265-170131-01_cleaned_paired.fq.gz	218252162
/shared/homes/s1/pig_microbiome/out_new/14265/reads/14265-170131-02_cleaned_paired.fq.gz	255394688
/shared/homes/s1/pig_microbiome/out_new/14265/reads/14265-170203-01_cleaned_paired.fq.gz	23340830
/shared/homes/s1/pig_microbiome/out_new/14265/reads/14265-170207-01_cleaned_paired.fq.gz	330272072
/shared/homes/s1/pig_microbiome/out_new/14265/reads/14265-170210-01_cleaned_paired.fq.gz	29223738
/shared/homes/s1/pig_microbiome/out_new/14265/reads/14265-170214-01_cleaned_paired.fq.gz	28755690
/shared/homes/s1/pig_microbiome/out_new/14265/reads/14265-170221-01_cleaned_paired.fq.gz	35643394
/shared/homes/s1/pig_microbiome/out_new/14265/reads/14265-170224-01_cleaned_paired.fq.gz	21187954
/shared/homes/s1/pig_microbiome/out_new/14265/reads/14265-170228-01_cleaned_paired.fq.gz	31509158
/shared/homes/s1/pig_microbiome/out_new/14265/reads/14265-170303-01_cleaned_paired.fq.gz	27432248
/shared/homes/s1/pig_microbiome/out_new/14265/reads/14265-170310-01_cleaned_paired.fq.gz	42391714
/shared/homes/s1/pig_microbiome/out_new/14271/reads/14271-170131-01_cleaned_paired.fq.gz	31399384
/shared/homes/s1/pig_microbiome/out_new/14271/reads/14271-170206-01_cleaned_paired.fq.gz	39273530
/shared/homes/s1/pig_microbiome/out_new/14271/reads/14271-170206-02_cleaned_paired.fq.gz	35795596
/shared/homes/s1/pig_microbiome/out_new/14273/reads/14273-170131-01_cleaned_paired.fq.gz	22627472
/shared/homes/s1/pig_microbiome/out_new/14273/reads/14273-170201-01_cleaned_paired.fq.gz	42839350
/shared/homes/s1/pig_microbiome/out_new/14273/reads/14273-170207-01_cleaned_paired.fq.gz	39955006
/shared/homes/s1/pig_microbiome/out_new/14273/reads/14273-170214-01_cleaned_paired.fq.gz	40791610
/shared/homes/s1/pig_microbiome/out_new/14273/reads/14273-170216-01_cleaned_paired.fq.gz	36201740
/shared/homes/s1/pig_microbiome/out_new/14274/reads/14274-170214-01_cleaned_paired.fq.gz	48057358
/shared/homes/s1/pig_microbiome/out_new/14274/reads/14274-170214-02_cleaned_paired.fq.gz	29177116
/shared/homes/s1/pig_microbiome/out_new/14274/reads/14274-170214-03_cleaned_paired.fq.gz	46197892
/shared/homes/s1/pig_microbiome/out_new/14274/reads/14274-170221-01_cleaned_paired.fq.gz	106560286
/shared/homes/s1/pig_microbiome/out_new/14274/reads/14274-170228-01_cleaned_paired.fq.gz	47834562
/shared/homes/s1/pig_microbiome/out_new/14274/reads/14274-170310-01_cleaned_paired.fq.gz	39937508
/shared/homes/s1/pig_microbiome/out_new/14275/reads/14275-170131-01_cleaned_paired.fq.gz	35346202
/shared/homes/s1/pig_microbiome/out_new/14275/reads/14275-170207-01_cleaned_paired.fq.gz	32388786
/shared/homes/s1/pig_microbiome/out_new/14275/reads/14275-170214-01_cleaned_paired.fq.gz	9989412
/shared/homes/s1/pig_microbiome/out_new/14275/reads/14275-170221-01_cleaned_paired.fq.gz	30984362
/shared/homes/s1/pig_microbiome/out_new/14275/reads/14275-170228-01_cleaned_paired.fq.gz	37557186
/shared/homes/s1/pig_microbiome/out_new/14275/reads/14275-170307-01_cleaned_paired.fq.gz	37425770
/shared/homes/s1/pig_microbiome/out_new/14276/reads/14276-170131-01_cleaned_paired.fq.gz	36309374
/shared/homes/s1/pig_microbiome/out_new/14276/reads/14276-170203-01_cleaned_paired.fq.gz	29672788
/shared/homes/s1/pig_microbiome/out_new/14276/reads/14276-170207-01_cleaned_paired.fq.gz	28251116
/shared/homes/s1/pig_microbiome/out_new/14276/reads/14276-170210-01_cleaned_paired.fq.gz	23469614
/shared/homes/s1/pig_microbiome/out_new/14276/reads/14276-170214-01_cleaned_paired.fq.gz	58377004
/shared/homes/s1/pig_microbiome/out_new/14276/reads/14276-170221-01_cleaned_paired.fq.gz	37241142
/shared/homes/s1/pig_microbiome/out_new/14276/reads/14276-170224-01_cleaned_paired.fq.gz	41135086
/shared/homes/s1/pig_microbiome/out_new/14276/reads/14276-170228-01_cleaned_paired.fq.gz	24102710
/shared/homes/s1/pig_microbiome/out_new/14276/reads/14276-170303-01_cleaned_paired.fq.gz	31871952
/shared/homes/s1/pig_microbiome/out_new/14276/reads/14276-170308-01_cleaned_paired.fq.gz	49579836
/shared/homes/s1/pig_microbiome/out_new/14277/reads/14277-170131-01_cleaned_paired.fq.gz	22048004
/shared/homes/s1/pig_microbiome/out_new/14277/reads/14277-170206-01_cleaned_paired.fq.gz	36438722
/shared/homes/s1/pig_microbiome/out_new/14284/reads/14284-170131-01_cleaned_paired.fq.gz	52504264
/shared/homes/s1/pig_microbiome/out_new/14284/reads/14284-170131-02_cleaned_paired.fq.gz	25155330
/shared/homes/s1/pig_microbiome/out_new/14284/reads/14284-170207-01_cleaned_paired.fq.gz	42076526
/shared/homes/s1/pig_microbiome/out_new/14284/reads/14284-170214-01_cleaned_paired.fq.gz	36447466
/shared/homes/s1/pig_microbiome/out_new/14284/reads/14284-170221-01_cleaned_paired.fq.gz	35270888
/shared/homes/s1/pig_microbiome/out_new/14284/reads/14284-170228-01_cleaned_paired.fq.gz	39851350
/shared/homes/s1/pig_microbiome/out_new/14284/reads/14284-170307-01_cleaned_paired.fq.gz	34842854
/shared/homes/s1/pig_microbiome/out_new/14286/reads/14286-170131-01_cleaned_paired.fq.gz	29384940
/shared/homes/s1/pig_microbiome/out_new/14286/reads/14286-170207-01_cleaned_paired.fq.gz	26987030
/shared/homes/s1/pig_microbiome/out_new/14286/reads/14286-170214-01_cleaned_paired.fq.gz	63285904
/shared/homes/s1/pig_microbiome/out_new/14286/reads/14286-170221-01_cleaned_paired.fq.gz	39141782
/shared/homes/s1/pig_microbiome/out_new/14286/reads/14286-170228-01_cleaned_paired.fq.gz	33220794
/shared/homes/s1/pig_microbiome/out_new/14286/reads/14286-170307-01_cleaned_paired.fq.gz	34702824
/shared/homes/s1/pig_microbiome/out_new/14287/reads/14287-170131-01_cleaned_paired.fq.gz	27807578
/shared/homes/s1/pig_microbiome/out_new/14287/reads/14287-170201-01_cleaned_paired.fq.gz	30486620
/shared/homes/s1/pig_microbiome/out_new/14287/reads/14287-170207-01_cleaned_paired.fq.gz	21477824
/shared/homes/s1/pig_microbiome/out_new/14287/reads/14287-170214-01_cleaned_paired.fq.gz	39816564
/shared/homes/s1/pig_microbiome/out_new/14287/reads/14287-170221-01_cleaned_paired.fq.gz	42647048
/shared/homes/s1/pig_microbiome/out_new/14287/reads/14287-170228-01_cleaned_paired.fq.gz	45376586
/shared/homes/s1/pig_microbiome/out_new/14287/reads/14287-170306-01_cleaned_paired.fq.gz	28802454
/shared/homes/s1/pig_microbiome/out_new/14288/reads/14288-170131-01_cleaned_paired.fq.gz	37928806
/shared/homes/s1/pig_microbiome/out_new/14288/reads/14288-170203-01_cleaned_paired.fq.gz	24704478
/shared/homes/s1/pig_microbiome/out_new/14288/reads/14288-170207-01_cleaned_paired.fq.gz	19055758
/shared/homes/s1/pig_microbiome/out_new/14288/reads/14288-170210-01_cleaned_paired.fq.gz	31431908
/shared/homes/s1/pig_microbiome/out_new/14288/reads/14288-170214-01_cleaned_paired.fq.gz	24538616
/shared/homes/s1/pig_microbiome/out_new/14288/reads/14288-170221-01_cleaned_paired.fq.gz	37807396
/shared/homes/s1/pig_microbiome/out_new/14288/reads/14288-170224-01_cleaned_paired.fq.gz	26664096
/shared/homes/s1/pig_microbiome/out_new/14288/reads/14288-170228-01_cleaned_paired.fq.gz	39294190
/shared/homes/s1/pig_microbiome/out_new/14288/reads/14288-170303-01_cleaned_paired.fq.gz	34600998
/shared/homes/s1/pig_microbiome/out_new/14288/reads/14288-170307-01_cleaned_paired.fq.gz	31975012
/shared/homes/s1/pig_microbiome/out_new/14295/reads/14295-170131-01_cleaned_paired.fq.gz	51097036
/shared/homes/s1/pig_microbiome/out_new/14295/reads/14295-170207-01_cleaned_paired.fq.gz	34302016
/shared/homes/s1/pig_microbiome/out_new/14295/reads/14295-170214-01_cleaned_paired.fq.gz	37810492
/shared/homes/s1/pig_microbiome/out_new/14295/reads/14295-170221-01_cleaned_paired.fq.gz	68767260
/shared/homes/s1/pig_microbiome/out_new/14295/reads/14295-170228-01_cleaned_paired.fq.gz	89460392
/shared/homes/s1/pig_microbiome/out_new/14295/reads/14295-170309-01_cleaned_paired.fq.gz	34024074
/shared/homes/s1/pig_microbiome/out_new/14297/reads/14297-170131-01_cleaned_paired.fq.gz	29995316
/shared/homes/s1/pig_microbiome/out_new/14297/reads/14297-170207-01_cleaned_paired.fq.gz	28635866
/shared/homes/s1/pig_microbiome/out_new/14297/reads/14297-170214-01_cleaned_paired.fq.gz	35995764
/shared/homes/s1/pig_microbiome/out_new/14297/reads/14297-170221-01_cleaned_paired.fq.gz	33272072
/shared/homes/s1/pig_microbiome/out_new/14297/reads/14297-170228-01_cleaned_paired.fq.gz	33994012
/shared/homes/s1/pig_microbiome/out_new/14297/reads/14297-170310-01_cleaned_paired.fq.gz	29178628
/shared/homes/s1/pig_microbiome/out_new/14298/reads/14298-170131-01_cleaned_paired.fq.gz	32103818
/shared/homes/s1/pig_microbiome/out_new/14298/reads/14298-170131-02_cleaned_paired.fq.gz	21673260
/shared/homes/s1/pig_microbiome/out_new/14298/reads/14298-170207-01_cleaned_paired.fq.gz	37651144
/shared/homes/s1/pig_microbiome/out_new/14298/reads/14298-170214-01_cleaned_paired.fq.gz	49833414
/shared/homes/s1/pig_microbiome/out_new/14298/reads/14298-170217-01_cleaned_paired.fq.gz	27289618
/shared/homes/s1/pig_microbiome/out_new/14305/reads/14305-170131-01_cleaned_paired.fq.gz	23656146
/shared/homes/s1/pig_microbiome/out_new/14305/reads/14305-170207-01_cleaned_paired.fq.gz	21276292
/shared/homes/s1/pig_microbiome/out_new/14305/reads/14305-170214-01_cleaned_paired.fq.gz	64390346
/shared/homes/s1/pig_microbiome/out_new/14305/reads/14305-170221-01_cleaned_paired.fq.gz	47137380
/shared/homes/s1/pig_microbiome/out_new/14305/reads/14305-170228-01_cleaned_paired.fq.gz	46127232
/shared/homes/s1/pig_microbiome/out_new/14305/reads/14305-170309-01_cleaned_paired.fq.gz	24256148
/shared/homes/s1/pig_microbiome/out_new/14306/reads/14306-170131-01_cleaned_paired.fq.gz	22067420
/shared/homes/s1/pig_microbiome/out_new/14306/reads/14306-170203-01_cleaned_paired.fq.gz	37430942
/shared/homes/s1/pig_microbiome/out_new/14306/reads/14306-170207-01_cleaned_paired.fq.gz	45067558
/shared/homes/s1/pig_microbiome/out_new/14306/reads/14306-170210-01_cleaned_paired.fq.gz	41173384
/shared/homes/s1/pig_microbiome/out_new/14306/reads/14306-170214-01_cleaned_paired.fq.gz	48484756
/shared/homes/s1/pig_microbiome/out_new/14306/reads/14306-170221-01_cleaned_paired.fq.gz	37035196
/shared/homes/s1/pig_microbiome/out_new/14306/reads/14306-170224-01_cleaned_paired.fq.gz	34517260
/shared/homes/s1/pig_microbiome/out_new/14306/reads/14306-170228-01_cleaned_paired.fq.gz	46908858
/shared/homes/s1/pig_microbiome/out_new/14306/reads/14306-170303-01_cleaned_paired.fq.gz	31396788
/shared/homes/s1/pig_microbiome/out_new/14306/reads/14306-170308-01_cleaned_paired.fq.gz	35311588
/shared/homes/s1/pig_microbiome/out_new/14307/reads/14307-170131-01_cleaned_paired.fq.gz	15327520
/shared/homes/s1/pig_microbiome/out_new/14307/reads/14307-170207-01_cleaned_paired.fq.gz	33517140
/shared/homes/s1/pig_microbiome/out_new/14307/reads/14307-170214-01_cleaned_paired.fq.gz	24701118
/shared/homes/s1/pig_microbiome/out_new/14307/reads/14307-170221-01_cleaned_paired.fq.gz	37594370
/shared/homes/s1/pig_microbiome/out_new/14307/reads/14307-170228-01_cleaned_paired.fq.gz	82075572
/shared/homes/s1/pig_microbiome/out_new/14307/reads/14307-170310-01_cleaned_paired.fq.gz	24770924
/shared/homes/s1/pig_microbiome/out_new/14308/reads/14308-170131-01_cleaned_paired.fq.gz	31074238
/shared/homes/s1/pig_microbiome/out_new/14308/reads/14308-170203-01_cleaned_paired.fq.gz	29495936
/shared/homes/s1/pig_microbiome/out_new/14308/reads/14308-170207-01_cleaned_paired.fq.gz	32977022
/shared/homes/s1/pig_microbiome/out_new/14308/reads/14308-170210-01_cleaned_paired.fq.gz	47078148
/shared/homes/s1/pig_microbiome/out_new/14308/reads/14308-170214-01_cleaned_paired.fq.gz	129733002
/shared/homes/s1/pig_microbiome/out_new/14308/reads/14308-170221-01_cleaned_paired.fq.gz	27427714
/shared/homes/s1/pig_microbiome/out_new/14308/reads/14308-170224-01_cleaned_paired.fq.gz	42625872
/shared/homes/s1/pig_microbiome/out_new/14308/reads/14308-170228-01_cleaned_paired.fq.gz	27821248
/shared/homes/s1/pig_microbiome/out_new/14308/reads/14308-170303-01_cleaned_paired.fq.gz	33576088
/shared/homes/s1/pig_microbiome/out_new/14308/reads/14308-170308-01_cleaned_paired.fq.gz	23571232
/shared/homes/s1/pig_microbiome/out_new/14315/reads/14315-170131-01_cleaned_paired.fq.gz	29432304
/shared/homes/s1/pig_microbiome/out_new/14317/reads/14317-170131-01_cleaned_paired.fq.gz	14907482
/shared/homes/s1/pig_microbiome/out_new/14317/reads/14317-170203-01_cleaned_paired.fq.gz	23203192
/shared/homes/s1/pig_microbiome/out_new/14317/reads/14317-170207-01_cleaned_paired.fq.gz	21219756
/shared/homes/s1/pig_microbiome/out_new/14317/reads/14317-170207-02_cleaned_paired.fq.gz	29444948
/shared/homes/s1/pig_microbiome/out_new/14317/reads/14317-170210-01_cleaned_paired.fq.gz	26830100
/shared/homes/s1/pig_microbiome/out_new/14317/reads/14317-170214-01_cleaned_paired.fq.gz	42370704
/shared/homes/s1/pig_microbiome/out_new/14317/reads/14317-170221-01_cleaned_paired.fq.gz	37299320
/shared/homes/s1/pig_microbiome/out_new/14317/reads/14317-170224-01_cleaned_paired.fq.gz	42272200
/shared/homes/s1/pig_microbiome/out_new/14317/reads/14317-170228-01_cleaned_paired.fq.gz	33135168
/shared/homes/s1/pig_microbiome/out_new/14317/reads/14317-170303-01_cleaned_paired.fq.gz	27084130
/shared/homes/s1/pig_microbiome/out_new/14317/reads/14317-170306-01_cleaned_paired.fq.gz	35217372
/shared/homes/s1/pig_microbiome/out_new/14320/reads/14320-170131-01_cleaned_paired.fq.gz	26128438
/shared/homes/s1/pig_microbiome/out_new/14320/reads/14320-170131-02_cleaned_paired.fq.gz	16250068
/shared/homes/s1/pig_microbiome/out_new/14320/reads/14320-170203-01_cleaned_paired.fq.gz	33305998
/shared/homes/s1/pig_microbiome/out_new/14320/reads/14320-170207-01_cleaned_paired.fq.gz	25676838
/shared/homes/s1/pig_microbiome/out_new/14320/reads/14320-170210-01_cleaned_paired.fq.gz	29125276
/shared/homes/s1/pig_microbiome/out_new/14320/reads/14320-170214-01_cleaned_paired.fq.gz	23233712
/shared/homes/s1/pig_microbiome/out_new/14320/reads/14320-170221-01_cleaned_paired.fq.gz	23084820
/shared/homes/s1/pig_microbiome/out_new/14320/reads/14320-170224-01_cleaned_paired.fq.gz	21510082
/shared/homes/s1/pig_microbiome/out_new/14320/reads/14320-170228-01_cleaned_paired.fq.gz	35559636
/shared/homes/s1/pig_microbiome/out_new/14320/reads/14320-170303-01_cleaned_paired.fq.gz	32097884
/shared/homes/s1/pig_microbiome/out_new/14320/reads/14320-170306-01_cleaned_paired.fq.gz	53646688
/shared/homes/s1/pig_microbiome/out_new/14322/reads/14322-170131-01_cleaned_paired.fq.gz	31402292
/shared/homes/s1/pig_microbiome/out_new/14322/reads/14322-170203-01_cleaned_paired.fq.gz	36016878
/shared/homes/s1/pig_microbiome/out_new/14322/reads/14322-170207-01_cleaned_paired.fq.gz	26686186
/shared/homes/s1/pig_microbiome/out_new/14322/reads/14322-170210-01_cleaned_paired.fq.gz	30225822
/shared/homes/s1/pig_microbiome/out_new/14322/reads/14322-170214-01_cleaned_paired.fq.gz	30367860
/shared/homes/s1/pig_microbiome/out_new/14322/reads/14322-170221-01_cleaned_paired.fq.gz	22891614
/shared/homes/s1/pig_microbiome/out_new/14322/reads/14322-170224-01_cleaned_paired.fq.gz	28755406
/shared/homes/s1/pig_microbiome/out_new/14322/reads/14322-170228-01_cleaned_paired.fq.gz	30728290
/shared/homes/s1/pig_microbiome/out_new/14322/reads/14322-170303-01_cleaned_paired.fq.gz	24854876
/shared/homes/s1/pig_microbiome/out_new/14322/reads/14322-170309-01_cleaned_paired.fq.gz	30820496
/shared/homes/s1/pig_microbiome/out_new/29631/reads/29631-170131-01_cleaned_paired.fq.gz	40587124
/shared/homes/s1/pig_microbiome/out_new/29631/reads/29631-170207-01_cleaned_paired.fq.gz	18442542
/shared/homes/s1/pig_microbiome/out_new/29631/reads/29631-170214-01_cleaned_paired.fq.gz	59099542
/shared/homes/s1/pig_microbiome/out_new/29633/reads/29633-170131-01_cleaned_paired.fq.gz	29555014
/shared/homes/s1/pig_microbiome/out_new/29633/reads/29633-170207-01_cleaned_paired.fq.gz	33920474
/shared/homes/s1/pig_microbiome/out_new/29633/reads/29633-170214-01_cleaned_paired.fq.gz	32279514
/shared/homes/s1/pig_microbiome/out_new/29643/reads/29643-170131-01_cleaned_paired.fq.gz	37425552
/shared/homes/s1/pig_microbiome/out_new/29643/reads/29643-170203-01_cleaned_paired.fq.gz	27165548
/shared/homes/s1/pig_microbiome/out_new/29643/reads/29643-170207-01_cleaned_paired.fq.gz	37462860
/shared/homes/s1/pig_microbiome/out_new/29643/reads/29643-170210-01_cleaned_paired.fq.gz	43162118
/shared/homes/s1/pig_microbiome/out_new/29643/reads/29643-170214-01_cleaned_paired.fq.gz	37194902
/shared/homes/s1/pig_microbiome/out_new/29643/reads/29643-170221-01_cleaned_paired.fq.gz	42469546
/shared/homes/s1/pig_microbiome/out_new/29643/reads/29643-170224-01_cleaned_paired.fq.gz	41542288
/shared/homes/s1/pig_microbiome/out_new/29643/reads/29643-170228-01_cleaned_paired.fq.gz	33915756
/shared/homes/s1/pig_microbiome/out_new/29643/reads/29643-170303-01_cleaned_paired.fq.gz	34541118
/shared/homes/s1/pig_microbiome/out_new/29643/reads/29643-170307-01_cleaned_paired.fq.gz	41477602
/shared/homes/s1/pig_microbiome/out_new/29644/reads/29644-170131-01_cleaned_paired.fq.gz	26602542
/shared/homes/s1/pig_microbiome/out_new/29644/reads/29644-170207-01_cleaned_paired.fq.gz	48522282
/shared/homes/s1/pig_microbiome/out_new/29644/reads/29644-170214-01_cleaned_paired.fq.gz	37347248
/shared/homes/s1/pig_microbiome/out_new/29644/reads/29644-170221-01_cleaned_paired.fq.gz	40950194
/shared/homes/s1/pig_microbiome/out_new/29644/reads/29644-170228-01_cleaned_paired.fq.gz	39930022
/shared/homes/s1/pig_microbiome/out_new/29644/reads/29644-170308-01_cleaned_paired.fq.gz	35756100
/shared/homes/s1/pig_microbiome/out_new/29645/reads/29645-170131-01_cleaned_paired.fq.gz	24187440
/shared/homes/s1/pig_microbiome/out_new/29645/reads/29645-170131-02_cleaned_paired.fq.gz	29196862
/shared/homes/s1/pig_microbiome/out_new/29645/reads/29645-170207-01_cleaned_paired.fq.gz	39520464
/shared/homes/s1/pig_microbiome/out_new/29645/reads/29645-170214-01_cleaned_paired.fq.gz	40110856
/shared/homes/s1/pig_microbiome/out_new/29645/reads/29645-170217-01_cleaned_paired.fq.gz	19063172
/shared/homes/s1/pig_microbiome/out_new/29646/reads/29646-170131-01_cleaned_paired.fq.gz	42631548
/shared/homes/s1/pig_microbiome/out_new/29646/reads/29646-170203-01_cleaned_paired.fq.gz	44456676
/shared/homes/s1/pig_microbiome/out_new/29646/reads/29646-170207-01_cleaned_paired.fq.gz	33310704
/shared/homes/s1/pig_microbiome/out_new/29646/reads/29646-170210-01_cleaned_paired.fq.gz	39769524
/shared/homes/s1/pig_microbiome/out_new/29646/reads/29646-170214-01_cleaned_paired.fq.gz	31134294
/shared/homes/s1/pig_microbiome/out_new/29646/reads/29646-170221-01_cleaned_paired.fq.gz	40656312
/shared/homes/s1/pig_microbiome/out_new/29646/reads/29646-170224-01_cleaned_paired.fq.gz	38480672
/shared/homes/s1/pig_microbiome/out_new/29646/reads/29646-170228-01_cleaned_paired.fq.gz	44963192
/shared/homes/s1/pig_microbiome/out_new/29646/reads/29646-170303-01_cleaned_paired.fq.gz	35676810
/shared/homes/s1/pig_microbiome/out_new/29646/reads/29646-170307-01_cleaned_paired.fq.gz	57740500
/shared/homes/s1/pig_microbiome/out_new/29647/reads/29647-170131-01_cleaned_paired.fq.gz	31011542
/shared/homes/s1/pig_microbiome/out_new/29647/reads/29647-170206-01_cleaned_paired.fq.gz	49169238
/shared/homes/s1/pig_microbiome/out_new/29652/reads/29652-170131-01_cleaned_paired.fq.gz	23707000
/shared/homes/s1/pig_microbiome/out_new/29652/reads/29652-170131-02_cleaned_paired.fq.gz	27801290
/shared/homes/s1/pig_microbiome/out_new/29652/reads/29652-170203-01_cleaned_paired.fq.gz	21720844
/shared/homes/s1/pig_microbiome/out_new/29652/reads/29652-170207-01_cleaned_paired.fq.gz	37778012
/shared/homes/s1/pig_microbiome/out_new/29652/reads/29652-170210-01_cleaned_paired.fq.gz	41392094
/shared/homes/s1/pig_microbiome/out_new/29652/reads/29652-170214-01_cleaned_paired.fq.gz	35443422
/shared/homes/s1/pig_microbiome/out_new/29652/reads/29652-170221-01_cleaned_paired.fq.gz	36089750
/shared/homes/s1/pig_microbiome/out_new/29652/reads/29652-170224-01_cleaned_paired.fq.gz	24007570
/shared/homes/s1/pig_microbiome/out_new/29652/reads/29652-170228-01_cleaned_paired.fq.gz	25182032
/shared/homes/s1/pig_microbiome/out_new/29652/reads/29652-170303-01_cleaned_paired.fq.gz	33958584
/shared/homes/s1/pig_microbiome/out_new/29652/reads/29652-170309-01_cleaned_paired.fq.gz	46521968
/shared/homes/s1/pig_microbiome/out_new/29653/reads/29653-170131-01_cleaned_paired.fq.gz	27220828
/shared/homes/s1/pig_microbiome/out_new/29653/reads/29653-170131-02_cleaned_paired.fq.gz	40101888
/shared/homes/s1/pig_microbiome/out_new/29653/reads/29653-170207-01_cleaned_paired.fq.gz	34707334
/shared/homes/s1/pig_microbiome/out_new/29653/reads/29653-170214-01_cleaned_paired.fq.gz	32934556
/shared/homes/s1/pig_microbiome/out_new/29653/reads/29653-170221-01_cleaned_paired.fq.gz	45094238
/shared/homes/s1/pig_microbiome/out_new/29653/reads/29653-170228-01_cleaned_paired.fq.gz	46774414
/shared/homes/s1/pig_microbiome/out_new/29653/reads/29653-170310-01_cleaned_paired.fq.gz	96732940
/shared/homes/s1/pig_microbiome/out_new/29654/reads/29654-170131-01_cleaned_paired.fq.gz	19313202
/shared/homes/s1/pig_microbiome/out_new/29654/reads/29654-170203-01_cleaned_paired.fq.gz	35535762
/shared/homes/s1/pig_microbiome/out_new/29654/reads/29654-170207-01_cleaned_paired.fq.gz	27293822
/shared/homes/s1/pig_microbiome/out_new/29654/reads/29654-170210-01_cleaned_paired.fq.gz	37427618
/shared/homes/s1/pig_microbiome/out_new/29654/reads/29654-170214-01_cleaned_paired.fq.gz	34366858
/shared/homes/s1/pig_microbiome/out_new/29654/reads/29654-170221-01_cleaned_paired.fq.gz	38835908
/shared/homes/s1/pig_microbiome/out_new/29654/reads/29654-170224-01_cleaned_paired.fq.gz	19421322
/shared/homes/s1/pig_microbiome/out_new/29654/reads/29654-170228-01_cleaned_paired.fq.gz	26353736
/shared/homes/s1/pig_microbiome/out_new/29654/reads/29654-170303-01_cleaned_paired.fq.gz	22610118
/shared/homes/s1/pig_microbiome/out_new/29654/reads/29654-170306-01_cleaned_paired.fq.gz	48977270
/shared/homes/s1/pig_microbiome/out_new/29655/reads/29655-170131-01_cleaned_paired.fq.gz	36119504
/shared/homes/s1/pig_microbiome/out_new/29655/reads/29655-170207-01_cleaned_paired.fq.gz	36954484
/shared/homes/s1/pig_microbiome/out_new/29655/reads/29655-170214-01_cleaned_paired.fq.gz	29123590
/shared/homes/s1/pig_microbiome/out_new/29655/reads/29655-170217-01_cleaned_paired.fq.gz	25625102
/shared/homes/s1/pig_microbiome/out_new/29665/reads/29665-170131-01_cleaned_paired.fq.gz	33036690
/shared/homes/s1/pig_microbiome/out_new/29665/reads/29665-170203-01_cleaned_paired.fq.gz	25282658
/shared/homes/s1/pig_microbiome/out_new/29665/reads/29665-170207-01_cleaned_paired.fq.gz	28215220
/shared/homes/s1/pig_microbiome/out_new/29665/reads/29665-170210-01_cleaned_paired.fq.gz	34983460
/shared/homes/s1/pig_microbiome/out_new/29665/reads/29665-170214-01_cleaned_paired.fq.gz	27669334
/shared/homes/s1/pig_microbiome/out_new/29665/reads/29665-170221-01_cleaned_paired.fq.gz	29076572
/shared/homes/s1/pig_microbiome/out_new/29665/reads/29665-170224-01_cleaned_paired.fq.gz	44664950
/shared/homes/s1/pig_microbiome/out_new/29665/reads/29665-170228-01_cleaned_paired.fq.gz	26874472
/shared/homes/s1/pig_microbiome/out_new/29665/reads/29665-170303-01_cleaned_paired.fq.gz	35433192
/shared/homes/s1/pig_microbiome/out_new/29665/reads/29665-170307-01_cleaned_paired.fq.gz	30729262
/shared/homes/s1/pig_microbiome/out_new/29666/reads/29666-170131-01_cleaned_paired.fq.gz	26791904
/shared/homes/s1/pig_microbiome/out_new/29666/reads/29666-170203-01_cleaned_paired.fq.gz	35914658
/shared/homes/s1/pig_microbiome/out_new/29666/reads/29666-170207-01_cleaned_paired.fq.gz	43441900
/shared/homes/s1/pig_microbiome/out_new/29666/reads/29666-170210-01_cleaned_paired.fq.gz	27409824
/shared/homes/s1/pig_microbiome/out_new/29666/reads/29666-170214-01_cleaned_paired.fq.gz	29112230
/shared/homes/s1/pig_microbiome/out_new/29666/reads/29666-170221-01_cleaned_paired.fq.gz	26618782
/shared/homes/s1/pig_microbiome/out_new/29666/reads/29666-170224-01_cleaned_paired.fq.gz	39175382
/shared/homes/s1/pig_microbiome/out_new/29666/reads/29666-170228-01_cleaned_paired.fq.gz	29278268
/shared/homes/s1/pig_microbiome/out_new/29666/reads/29666-170303-01_cleaned_paired.fq.gz	28372520
/shared/homes/s1/pig_microbiome/out_new/29666/reads/29666-170306-01_cleaned_paired.fq.gz	39235832
/shared/homes/s1/pig_microbiome/out_new/29667/reads/29667-170131-01_cleaned_paired.fq.gz	31326520
/shared/homes/s1/pig_microbiome/out_new/29667/reads/29667-170131-02_cleaned_paired.fq.gz	24428648
/shared/homes/s1/pig_microbiome/out_new/29667/reads/29667-170203-01_cleaned_paired.fq.gz	18659038
/shared/homes/s1/pig_microbiome/out_new/29667/reads/29667-170207-01_cleaned_paired.fq.gz	25847022
/shared/homes/s1/pig_microbiome/out_new/29667/reads/29667-170210-01_cleaned_paired.fq.gz	32395024
/shared/homes/s1/pig_microbiome/out_new/29667/reads/29667-170214-01_cleaned_paired.fq.gz	40798952
/shared/homes/s1/pig_microbiome/out_new/29667/reads/29667-170221-01_cleaned_paired.fq.gz	16003464
/shared/homes/s1/pig_microbiome/out_new/29667/reads/29667-170224-01_cleaned_paired.fq.gz	28731676
/shared/homes/s1/pig_microbiome/out_new/29667/reads/29667-170228-01_cleaned_paired.fq.gz	28339280
/shared/homes/s1/pig_microbiome/out_new/29667/reads/29667-170303-01_cleaned_paired.fq.gz	40361940
/shared/homes/s1/pig_microbiome/out_new/29667/reads/29667-170306-01_cleaned_paired.fq.gz	25356396
/shared/homes/s1/pig_microbiome/out_new/29668/reads/29668-170131-01_cleaned_paired.fq.gz	28525450
/shared/homes/s1/pig_microbiome/out_new/29668/reads/29668-170131-02_cleaned_paired.fq.gz	22575848
/shared/homes/s1/pig_microbiome/out_new/29668/reads/29668-170203-01_cleaned_paired.fq.gz	25643066
/shared/homes/s1/pig_microbiome/out_new/29668/reads/29668-170207-01_cleaned_paired.fq.gz	26271204
/shared/homes/s1/pig_microbiome/out_new/29668/reads/29668-170210-01_cleaned_paired.fq.gz	41446802
/shared/homes/s1/pig_microbiome/out_new/29668/reads/29668-170214-01_cleaned_paired.fq.gz	31281994
/shared/homes/s1/pig_microbiome/out_new/29668/reads/29668-170221-01_cleaned_paired.fq.gz	34850344
/shared/homes/s1/pig_microbiome/out_new/29668/reads/29668-170224-01_cleaned_paired.fq.gz	31932580
/shared/homes/s1/pig_microbiome/out_new/29668/reads/29668-170228-01_cleaned_paired.fq.gz	37112238
/shared/homes/s1/pig_microbiome/out_new/29668/reads/29668-170303-01_cleaned_paired.fq.gz	25364864
/shared/homes/s1/pig_microbiome/out_new/29668/reads/29668-170310-01_cleaned_paired.fq.gz	29110314
/shared/homes/s1/pig_microbiome/out_new/29679/reads/29679-170131-01_cleaned_paired.fq.gz	29254798
/shared/homes/s1/pig_microbiome/out_new/29679/reads/29679-170207-01_cleaned_paired.fq.gz	22916166
/shared/homes/s1/pig_microbiome/out_new/29679/reads/29679-170214-01_cleaned_paired.fq.gz	55088302
/shared/homes/s1/pig_microbiome/out_new/29679/reads/29679-170221-01_cleaned_paired.fq.gz	63904102
/shared/homes/s1/pig_microbiome/out_new/29679/reads/29679-170228-01_cleaned_paired.fq.gz	40071908
/shared/homes/s1/pig_microbiome/out_new/29679/reads/29679-170310-01_cleaned_paired.fq.gz	33853588
/shared/homes/s1/pig_microbiome/out_new/29691/reads/29691-170131-01_cleaned_paired.fq.gz	25861396
/shared/homes/s1/pig_microbiome/out_new/29691/reads/29691-170207-01_cleaned_paired.fq.gz	32502944
/shared/homes/s1/pig_microbiome/out_new/29691/reads/29691-170214-01_cleaned_paired.fq.gz	42398040
/shared/homes/s1/pig_microbiome/out_new/29691/reads/29691-170217-01_cleaned_paired.fq.gz	38543022
/shared/homes/s1/pig_microbiome/out_new/29692/reads/29692-170131-01_cleaned_paired.fq.gz	32706658
/shared/homes/s1/pig_microbiome/out_new/29692/reads/29692-170207-01_cleaned_paired.fq.gz	29931738
/shared/homes/s1/pig_microbiome/out_new/29692/reads/29692-170214-01_cleaned_paired.fq.gz	3060806
/shared/homes/s1/pig_microbiome/out_new/29692/reads/29692-170216-01_cleaned_paired.fq.gz	31989896
/shared/homes/s1/pig_microbiome/out_new/29693/reads/29693-170131-01_cleaned_paired.fq.gz	17117654
/shared/homes/s1/pig_microbiome/out_new/29693/reads/29693-170206-01_cleaned_paired.fq.gz	36927528
/shared/homes/s1/pig_microbiome/out_new/29694/reads/29694-170131-01_cleaned_paired.fq.gz	26464796
/shared/homes/s1/pig_microbiome/out_new/29694/reads/29694-170131-02_cleaned_paired.fq.gz	41986374
/shared/homes/s1/pig_microbiome/out_new/29694/reads/29694-170203-01_cleaned_paired.fq.gz	26747048
/shared/homes/s1/pig_microbiome/out_new/29694/reads/29694-170207-01_cleaned_paired.fq.gz	36319170
/shared/homes/s1/pig_microbiome/out_new/29694/reads/29694-170210-01_cleaned_paired.fq.gz	28176644
/shared/homes/s1/pig_microbiome/out_new/29694/reads/29694-170214-01_cleaned_paired.fq.gz	30845376
/shared/homes/s1/pig_microbiome/out_new/29694/reads/29694-170221-01_cleaned_paired.fq.gz	37680282
/shared/homes/s1/pig_microbiome/out_new/29694/reads/29694-170224-01_cleaned_paired.fq.gz	30235298
/shared/homes/s1/pig_microbiome/out_new/29694/reads/29694-170228-01_cleaned_paired.fq.gz	39187726
/shared/homes/s1/pig_microbiome/out_new/29694/reads/29694-170303-01_cleaned_paired.fq.gz	32268804
/shared/homes/s1/pig_microbiome/out_new/29694/reads/29694-170307-01_cleaned_paired.fq.gz	29634090
/shared/homes/s1/pig_microbiome/out_new/29700/reads/29700-170131-01_cleaned_paired.fq.gz	30040166
/shared/homes/s1/pig_microbiome/out_new/29700/reads/29700-170203-01_cleaned_paired.fq.gz	12246
/shared/homes/s1/pig_microbiome/out_new/29700/reads/29700-170207-01_cleaned_paired.fq.gz	35309714
/shared/homes/s1/pig_microbiome/out_new/29700/reads/29700-170210-01_cleaned_paired.fq.gz	26484890
/shared/homes/s1/pig_microbiome/out_new/29700/reads/29700-170214-01_cleaned_paired.fq.gz	25486922
/shared/homes/s1/pig_microbiome/out_new/29700/reads/29700-170221-01_cleaned_paired.fq.gz	34100892
/shared/homes/s1/pig_microbiome/out_new/29700/reads/29700-170224-01_cleaned_paired.fq.gz	25975624
/shared/homes/s1/pig_microbiome/out_new/29700/reads/29700-170228-01_cleaned_paired.fq.gz	19474822
/shared/homes/s1/pig_microbiome/out_new/29700/reads/29700-170303-01_cleaned_paired.fq.gz	32068958
/shared/homes/s1/pig_microbiome/out_new/29700/reads/29700-170308-01_cleaned_paired.fq.gz	40195140
/shared/homes/s1/pig_microbiome/out_new/29702/reads/29702-170131-01_cleaned_paired.fq.gz	21629138
/shared/homes/s1/pig_microbiome/out_new/29702/reads/29702-170203-01_cleaned_paired.fq.gz	29778588
/shared/homes/s1/pig_microbiome/out_new/29702/reads/29702-170207-01_cleaned_paired.fq.gz	25338108
/shared/homes/s1/pig_microbiome/out_new/29702/reads/29702-170210-01_cleaned_paired.fq.gz	37327452
/shared/homes/s1/pig_microbiome/out_new/29702/reads/29702-170214-01_cleaned_paired.fq.gz	23734816
/shared/homes/s1/pig_microbiome/out_new/29702/reads/29702-170221-01_cleaned_paired.fq.gz	30967100
/shared/homes/s1/pig_microbiome/out_new/29702/reads/29702-170224-01_cleaned_paired.fq.gz	29497912
/shared/homes/s1/pig_microbiome/out_new/29702/reads/29702-170228-01_cleaned_paired.fq.gz	18050402
/shared/homes/s1/pig_microbiome/out_new/29702/reads/29702-170303-01_cleaned_paired.fq.gz	1574256
/shared/homes/s1/pig_microbiome/out_new/29702/reads/29702-170308-01_cleaned_paired.fq.gz	38944920
/shared/homes/s1/pig_microbiome/out_new/29703/reads/29703-170131-01_cleaned_paired.fq.gz	62837178
/shared/homes/s1/pig_microbiome/out_new/29703/reads/29703-170207-01_cleaned_paired.fq.gz	25481002
/shared/homes/s1/pig_microbiome/out_new/29703/reads/29703-170214-01_cleaned_paired.fq.gz	35179572
/shared/homes/s1/pig_microbiome/out_new/29703/reads/29703-170221-01_cleaned_paired.fq.gz	49962258
/shared/homes/s1/pig_microbiome/out_new/29703/reads/29703-170228-01_cleaned_paired.fq.gz	41354700
/shared/homes/s1/pig_microbiome/out_new/29703/reads/29703-170308-01_cleaned_paired.fq.gz	29184432
/shared/homes/s1/pig_microbiome/out_new/29704/reads/29704-170131-01_cleaned_paired.fq.gz	39320130
/shared/homes/s1/pig_microbiome/out_new/29704/reads/29704-170203-01_cleaned_paired.fq.gz	26177226
/shared/homes/s1/pig_microbiome/out_new/29704/reads/29704-170207-01_cleaned_paired.fq.gz	28422604
/shared/homes/s1/pig_microbiome/out_new/29704/reads/29704-170210-01_cleaned_paired.fq.gz	33742134
/shared/homes/s1/pig_microbiome/out_new/29704/reads/29704-170214-01_cleaned_paired.fq.gz	32906034
/shared/homes/s1/pig_microbiome/out_new/29704/reads/29704-170221-01_cleaned_paired.fq.gz	32953634
/shared/homes/s1/pig_microbiome/out_new/29704/reads/29704-170224-01_cleaned_paired.fq.gz	31316634
/shared/homes/s1/pig_microbiome/out_new/29704/reads/29704-170228-01_cleaned_paired.fq.gz	27774092
/shared/homes/s1/pig_microbiome/out_new/29704/reads/29704-170303-01_cleaned_paired.fq.gz	35998960
/shared/homes/s1/pig_microbiome/out_new/29704/reads/29704-170307-01_cleaned_paired.fq.gz	29731202
/shared/homes/s1/pig_microbiome/out_new/29705/reads/29705-170131-01_cleaned_paired.fq.gz	19114484
/shared/homes/s1/pig_microbiome/out_new/29705/reads/29705-170203-01_cleaned_paired.fq.gz	35678594
/shared/homes/s1/pig_microbiome/out_new/29705/reads/29705-170207-01_cleaned_paired.fq.gz	40505624
/shared/homes/s1/pig_microbiome/out_new/29705/reads/29705-170210-01_cleaned_paired.fq.gz	26873240
/shared/homes/s1/pig_microbiome/out_new/29705/reads/29705-170214-01_cleaned_paired.fq.gz	41783840
/shared/homes/s1/pig_microbiome/out_new/29705/reads/29705-170221-01_cleaned_paired.fq.gz	18122124
/shared/homes/s1/pig_microbiome/out_new/29705/reads/29705-170224-01_cleaned_paired.fq.gz	29889616
/shared/homes/s1/pig_microbiome/out_new/29705/reads/29705-170228-01_cleaned_paired.fq.gz	39125140
/shared/homes/s1/pig_microbiome/out_new/29705/reads/29705-170303-01_cleaned_paired.fq.gz	20448382
/shared/homes/s1/pig_microbiome/out_new/29705/reads/29705-170307-01_cleaned_paired.fq.gz	26894534
/shared/homes/s1/pig_microbiome/out_new/29706/reads/29706-170131-01_cleaned_paired.fq.gz	23845514
/shared/homes/s1/pig_microbiome/out_new/29707/reads/29707-170131-01_cleaned_paired.fq.gz	20006250
/shared/homes/s1/pig_microbiome/out_new/29707/reads/29707-170207-01_cleaned_paired.fq.gz	23959636
/shared/homes/s1/pig_microbiome/out_new/29707/reads/29707-170214-01_cleaned_paired.fq.gz	44672270
/shared/homes/s1/pig_microbiome/out_new/29707/reads/29707-170221-01_cleaned_paired.fq.gz	104762402
/shared/homes/s1/pig_microbiome/out_new/29707/reads/29707-170228-01_cleaned_paired.fq.gz	35454568
/shared/homes/s1/pig_microbiome/out_new/29707/reads/29707-170309-01_cleaned_paired.fq.gz	32212148
/shared/homes/s1/pig_microbiome/out_new/29715/reads/29715-170131-01_cleaned_paired.fq.gz	29266376
/shared/homes/s1/pig_microbiome/out_new/29715/reads/29715-170203-01_cleaned_paired.fq.gz	26779968
/shared/homes/s1/pig_microbiome/out_new/29715/reads/29715-170207-01_cleaned_paired.fq.gz	29263658
/shared/homes/s1/pig_microbiome/out_new/29715/reads/29715-170210-01_cleaned_paired.fq.gz	14891268
/shared/homes/s1/pig_microbiome/out_new/29715/reads/29715-170214-01_cleaned_paired.fq.gz	26057620
/shared/homes/s1/pig_microbiome/out_new/29715/reads/29715-170221-01_cleaned_paired.fq.gz	48721946
/shared/homes/s1/pig_microbiome/out_new/29715/reads/29715-170224-01_cleaned_paired.fq.gz	42679908
/shared/homes/s1/pig_microbiome/out_new/29715/reads/29715-170228-01_cleaned_paired.fq.gz	33418952
/shared/homes/s1/pig_microbiome/out_new/29715/reads/29715-170303-01_cleaned_paired.fq.gz	24784632
/shared/homes/s1/pig_microbiome/out_new/29715/reads/29715-170308-01_cleaned_paired.fq.gz	25331606
/shared/homes/s1/pig_microbiome/out_new/29718/reads/29718-170131-01_cleaned_paired.fq.gz	34796072
/shared/homes/s1/pig_microbiome/out_new/29718/reads/29718-170131-02_cleaned_paired.fq.gz	27088336
/shared/homes/s1/pig_microbiome/out_new/29718/reads/29718-170207-01_cleaned_paired.fq.gz	31801368
/shared/homes/s1/pig_microbiome/out_new/29718/reads/29718-170214-01_cleaned_paired.fq.gz	68963096
/shared/homes/s1/pig_microbiome/out_new/29742/reads/29742-170131-01_cleaned_paired.fq.gz	30531364
/shared/homes/s1/pig_microbiome/out_new/29742/reads/29742-170203-01_cleaned_paired.fq.gz	31283090
/shared/homes/s1/pig_microbiome/out_new/29742/reads/29742-170207-01_cleaned_paired.fq.gz	26957812
/shared/homes/s1/pig_microbiome/out_new/29742/reads/29742-170210-01_cleaned_paired.fq.gz	17527912
/shared/homes/s1/pig_microbiome/out_new/29742/reads/29742-170214-01_cleaned_paired.fq.gz	46419174
/shared/homes/s1/pig_microbiome/out_new/29742/reads/29742-170221-01_cleaned_paired.fq.gz	42033096
/shared/homes/s1/pig_microbiome/out_new/29742/reads/29742-170224-01_cleaned_paired.fq.gz	32524168
/shared/homes/s1/pig_microbiome/out_new/29742/reads/29742-170228-01_cleaned_paired.fq.gz	92067460
/shared/homes/s1/pig_microbiome/out_new/29742/reads/29742-170303-01_cleaned_paired.fq.gz	25475542
/shared/homes/s1/pig_microbiome/out_new/29742/reads/29742-170306-01_cleaned_paired.fq.gz	39961600
/shared/homes/s1/pig_microbiome/out_new/29743/reads/29743-170131-01_cleaned_paired.fq.gz	33945514
/shared/homes/s1/pig_microbiome/out_new/29743/reads/29743-170131-02_cleaned_paired.fq.gz	27626956
/shared/homes/s1/pig_microbiome/out_new/29743/reads/29743-170207-01_cleaned_paired.fq.gz	34987592
/shared/homes/s1/pig_microbiome/out_new/29743/reads/29743-170214-01_cleaned_paired.fq.gz	49482298
/shared/homes/s1/pig_microbiome/out_new/29745/reads/29745-170131-01_cleaned_paired.fq.gz	28862760
/shared/homes/s1/pig_microbiome/out_new/29745/reads/29745-170207-01_cleaned_paired.fq.gz	37943796
/shared/homes/s1/pig_microbiome/out_new/29745/reads/29745-170214-01_cleaned_paired.fq.gz	60896026
/shared/homes/s1/pig_microbiome/out_new/29745/reads/29745-170217-01_cleaned_paired.fq.gz	34716256
/shared/homes/s1/pig_microbiome/out_new/29752/reads/29752-170131-01_cleaned_paired.fq.gz	31142684
/shared/homes/s1/pig_microbiome/out_new/29752/reads/29752-170203-01_cleaned_paired.fq.gz	27146356
/shared/homes/s1/pig_microbiome/out_new/29752/reads/29752-170207-01_cleaned_paired.fq.gz	25519162
/shared/homes/s1/pig_microbiome/out_new/29752/reads/29752-170210-01_cleaned_paired.fq.gz	29716444
/shared/homes/s1/pig_microbiome/out_new/29752/reads/29752-170214-01_cleaned_paired.fq.gz	28713626
/shared/homes/s1/pig_microbiome/out_new/29752/reads/29752-170221-01_cleaned_paired.fq.gz	39837718
/shared/homes/s1/pig_microbiome/out_new/29752/reads/29752-170224-01_cleaned_paired.fq.gz	46233878
/shared/homes/s1/pig_microbiome/out_new/29752/reads/29752-170228-01_cleaned_paired.fq.gz	30133388
/shared/homes/s1/pig_microbiome/out_new/29752/reads/29752-170303-01_cleaned_paired.fq.gz	32884034
/shared/homes/s1/pig_microbiome/out_new/29752/reads/29752-170309-01_cleaned_paired.fq.gz	28934530
/shared/homes/s1/pig_microbiome/out_new/29753/reads/29753-170131-01_cleaned_paired.fq.gz	24787618
/shared/homes/s1/pig_microbiome/out_new/29753/reads/29753-170131-02_cleaned_paired.fq.gz	29988538
/shared/homes/s1/pig_microbiome/out_new/29753/reads/29753-170203-01_cleaned_paired.fq.gz	39143004
/shared/homes/s1/pig_microbiome/out_new/29753/reads/29753-170207-01_cleaned_paired.fq.gz	28340680
/shared/homes/s1/pig_microbiome/out_new/29753/reads/29753-170210-01_cleaned_paired.fq.gz	27621960
/shared/homes/s1/pig_microbiome/out_new/29753/reads/29753-170214-01_cleaned_paired.fq.gz	39311620
/shared/homes/s1/pig_microbiome/out_new/29753/reads/29753-170221-01_cleaned_paired.fq.gz	16563542
/shared/homes/s1/pig_microbiome/out_new/29753/reads/29753-170224-01_cleaned_paired.fq.gz	43586764
/shared/homes/s1/pig_microbiome/out_new/29753/reads/29753-170228-01_cleaned_paired.fq.gz	38710912
/shared/homes/s1/pig_microbiome/out_new/29753/reads/29753-170303-01_cleaned_paired.fq.gz	44332300
/shared/homes/s1/pig_microbiome/out_new/29753/reads/29753-170307-01_cleaned_paired.fq.gz	57590930
/shared/homes/s1/pig_microbiome/out_new/29754/reads/29754-170131-01_cleaned_paired.fq.gz	21858048
/shared/homes/s1/pig_microbiome/out_new/29754/reads/29754-170131-02_cleaned_paired.fq.gz	32565318
/shared/homes/s1/pig_microbiome/out_new/29754/reads/29754-170207-01_cleaned_paired.fq.gz	24971362
/shared/homes/s1/pig_microbiome/out_new/29754/reads/29754-170214-01_cleaned_paired.fq.gz	18067528
/shared/homes/s1/pig_microbiome/out_new/29754/reads/29754-170217-01_cleaned_paired.fq.gz	45247856
/shared/homes/s1/pig_microbiome/out_new/29764/reads/29764-170131-01_cleaned_paired.fq.gz	16511510
/shared/homes/s1/pig_microbiome/out_new/29765/reads/29765-170131-01_cleaned_paired.fq.gz	27308564
/shared/homes/s1/pig_microbiome/out_new/29765/reads/29765-170207-01_cleaned_paired.fq.gz	50671458
/shared/homes/s1/pig_microbiome/out_new/29765/reads/29765-170214-01_cleaned_paired.fq.gz	25177528
/shared/homes/s1/pig_microbiome/out_new/29765/reads/29765-170221-01_cleaned_paired.fq.gz	38291122
/shared/homes/s1/pig_microbiome/out_new/29765/reads/29765-170228-01_cleaned_paired.fq.gz	42691372
/shared/homes/s1/pig_microbiome/out_new/29765/reads/29765-170308-01_cleaned_paired.fq.gz	14571340
/shared/homes/s1/pig_microbiome/out_new/29777/reads/29777-170131-01_cleaned_paired.fq.gz	16624050
/shared/homes/s1/pig_microbiome/out_new/29777/reads/29777-170207-01_cleaned_paired.fq.gz	34176960
/shared/homes/s1/pig_microbiome/out_new/29777/reads/29777-170214-01_cleaned_paired.fq.gz	37404070
/shared/homes/s1/pig_microbiome/out_new/29778/reads/29778-170131-01_cleaned_paired.fq.gz	33472792
/shared/homes/s1/pig_microbiome/out_new/29778/reads/29778-170207-01_cleaned_paired.fq.gz	36997274
/shared/homes/s1/pig_microbiome/out_new/29778/reads/29778-170214-01_cleaned_paired.fq.gz	35061200
/shared/homes/s1/pig_microbiome/out_new/29778/reads/29778-170216-01_cleaned_paired.fq.gz	40501642
/shared/homes/s1/pig_microbiome/out_new/29781/reads/29781-170131-01_cleaned_paired.fq.gz	17525890
/shared/homes/s1/pig_microbiome/out_new/29781/reads/29781-170131-02_cleaned_paired.fq.gz	36020826
/shared/homes/s1/pig_microbiome/out_new/29781/reads/29781-170203-01_cleaned_paired.fq.gz	23544232
/shared/homes/s1/pig_microbiome/out_new/29781/reads/29781-170207-01_cleaned_paired.fq.gz	36933048
/shared/homes/s1/pig_microbiome/out_new/29781/reads/29781-170210-01_cleaned_paired.fq.gz	20107994
/shared/homes/s1/pig_microbiome/out_new/29781/reads/29781-170214-01_cleaned_paired.fq.gz	24314482
/shared/homes/s1/pig_microbiome/out_new/29781/reads/29781-170221-01_cleaned_paired.fq.gz	38210112
/shared/homes/s1/pig_microbiome/out_new/29781/reads/29781-170224-01_cleaned_paired.fq.gz	24949120
/shared/homes/s1/pig_microbiome/out_new/29781/reads/29781-170228-01_cleaned_paired.fq.gz	21994446
/shared/homes/s1/pig_microbiome/out_new/29781/reads/29781-170303-01_cleaned_paired.fq.gz	30021974
/shared/homes/s1/pig_microbiome/out_new/29781/reads/29781-170310-01_cleaned_paired.fq.gz	37528730
/shared/homes/s1/pig_microbiome/out_new/29792/reads/29792-170131-01_cleaned_paired.fq.gz	24094130
/shared/homes/s1/pig_microbiome/out_new/29792/reads/29792-170207-01_cleaned_paired.fq.gz	37476942
/shared/homes/s1/pig_microbiome/out_new/29792/reads/29792-170214-01_cleaned_paired.fq.gz	41252074
/shared/homes/s1/pig_microbiome/out_new/29792/reads/29792-170216-01_cleaned_paired.fq.gz	36428128
/shared/homes/s1/pig_microbiome/out_new/29793/reads/29793-170131-01_cleaned_paired.fq.gz	53328330
/shared/homes/s1/pig_microbiome/out_new/29793/reads/29793-170207-01_cleaned_paired.fq.gz	30421676
/shared/homes/s1/pig_microbiome/out_new/29793/reads/29793-170214-01_cleaned_paired.fq.gz	48574046
/shared/homes/s1/pig_microbiome/out_new/29793/reads/29793-170221-01_cleaned_paired.fq.gz	77229400
/shared/homes/s1/pig_microbiome/out_new/29793/reads/29793-170228-01_cleaned_paired.fq.gz	49886148
/shared/homes/s1/pig_microbiome/out_new/29793/reads/29793-170307-01_cleaned_paired.fq.gz	23834508
/shared/homes/s1/pig_microbiome/out_new/29796/reads/29796-170131-01_cleaned_paired.fq.gz	35133460
/shared/homes/s1/pig_microbiome/out_new/29796/reads/29796-170131-02_cleaned_paired.fq.gz	31010776
/shared/homes/s1/pig_microbiome/out_new/29796/reads/29796-170203-01_cleaned_paired.fq.gz	73913078
/shared/homes/s1/pig_microbiome/out_new/29796/reads/29796-170207-01_cleaned_paired.fq.gz	36477796
/shared/homes/s1/pig_microbiome/out_new/29796/reads/29796-170210-01_cleaned_paired.fq.gz	24237700
/shared/homes/s1/pig_microbiome/out_new/29796/reads/29796-170214-01_cleaned_paired.fq.gz	22015864
/shared/homes/s1/pig_microbiome/out_new/29796/reads/29796-170221-01_cleaned_paired.fq.gz	31740970
/shared/homes/s1/pig_microbiome/out_new/29796/reads/29796-170224-01_cleaned_paired.fq.gz	25172784
/shared/homes/s1/pig_microbiome/out_new/29796/reads/29796-170228-01_cleaned_paired.fq.gz	38357596
/shared/homes/s1/pig_microbiome/out_new/29796/reads/29796-170303-01_cleaned_paired.fq.gz	43870456
/shared/homes/s1/pig_microbiome/out_new/29796/reads/29796-170309-01_cleaned_paired.fq.gz	40777072
/shared/homes/s1/pig_microbiome/out_new/29797/reads/29797-170131-01_cleaned_paired.fq.gz	30256524
/shared/homes/s1/pig_microbiome/out_new/29797/reads/29797-170131-02_cleaned_paired.fq.gz	26490662
/shared/homes/s1/pig_microbiome/out_new/29797/reads/29797-170207-01_cleaned_paired.fq.gz	44461126
/shared/homes/s1/pig_microbiome/out_new/29797/reads/29797-170214-01_cleaned_paired.fq.gz	37140628
/shared/homes/s1/pig_microbiome/out_new/29804/reads/29804-170131-01_cleaned_paired.fq.gz	38813744
/shared/homes/s1/pig_microbiome/out_new/29804/reads/29804-170206-01_cleaned_paired.fq.gz	41652918
/shared/homes/s1/pig_microbiome/out_new/29846/reads/29846-170131-01_cleaned_paired.fq.gz	28638282
/shared/homes/s1/pig_microbiome/out_new/29846/reads/29846-170203-01_cleaned_paired.fq.gz	33863960
/shared/homes/s1/pig_microbiome/out_new/29846/reads/29846-170207-01_cleaned_paired.fq.gz	106781422
/shared/homes/s1/pig_microbiome/out_new/29846/reads/29846-170210-01_cleaned_paired.fq.gz	26207618
/shared/homes/s1/pig_microbiome/out_new/29846/reads/29846-170214-01_cleaned_paired.fq.gz	29622322
/shared/homes/s1/pig_microbiome/out_new/29846/reads/29846-170221-01_cleaned_paired.fq.gz	41270500
/shared/homes/s1/pig_microbiome/out_new/29846/reads/29846-170224-01_cleaned_paired.fq.gz	13341762
/shared/homes/s1/pig_microbiome/out_new/29846/reads/29846-170228-01_cleaned_paired.fq.gz	25563204
/shared/homes/s1/pig_microbiome/out_new/29846/reads/29846-170303-01_cleaned_paired.fq.gz	24154860
/shared/homes/s1/pig_microbiome/out_new/29846/reads/29846-170306-01_cleaned_paired.fq.gz	34918384
/shared/homes/s1/pig_microbiome/out_new/29847/reads/29847-170131-01_cleaned_paired.fq.gz	29492984
/shared/homes/s1/pig_microbiome/out_new/29847/reads/29847-170131-02_cleaned_paired.fq.gz	12846086
/shared/homes/s1/pig_microbiome/out_new/29847/reads/29847-170203-01_cleaned_paired.fq.gz	21158530
/shared/homes/s1/pig_microbiome/out_new/29847/reads/29847-170207-01_cleaned_paired.fq.gz	22130750
/shared/homes/s1/pig_microbiome/out_new/29847/reads/29847-170210-01_cleaned_paired.fq.gz	33256218
/shared/homes/s1/pig_microbiome/out_new/29847/reads/29847-170214-01_cleaned_paired.fq.gz	37098402
/shared/homes/s1/pig_microbiome/out_new/29847/reads/29847-170221-01_cleaned_paired.fq.gz	31831980
/shared/homes/s1/pig_microbiome/out_new/29847/reads/29847-170224-01_cleaned_paired.fq.gz	28459282
/shared/homes/s1/pig_microbiome/out_new/29847/reads/29847-170228-01_cleaned_paired.fq.gz	50595478
/shared/homes/s1/pig_microbiome/out_new/29847/reads/29847-170303-01_cleaned_paired.fq.gz	44504554
/shared/homes/s1/pig_microbiome/out_new/29847/reads/29847-170307-01_cleaned_paired.fq.gz	20160316
/shared/homes/s1/pig_microbiome/out_new/29863/reads/29863-170131-01_cleaned_paired.fq.gz	29763090
/shared/homes/s1/pig_microbiome/out_new/29863/reads/29863-170207-01_cleaned_paired.fq.gz	32658624
/shared/homes/s1/pig_microbiome/out_new/29863/reads/29863-170214-01_cleaned_paired.fq.gz	93366650
/shared/homes/s1/pig_microbiome/out_new/29863/reads/29863-170216-01_cleaned_paired.fq.gz	22203392
/shared/homes/s1/pig_microbiome/out_new/29864/reads/29864-170131-01_cleaned_paired.fq.gz	21343334
/shared/homes/s1/pig_microbiome/out_new/29864/reads/29864-170203-01_cleaned_paired.fq.gz	19790674
/shared/homes/s1/pig_microbiome/out_new/29864/reads/29864-170207-01_cleaned_paired.fq.gz	38402170
/shared/homes/s1/pig_microbiome/out_new/29864/reads/29864-170210-01_cleaned_paired.fq.gz	30326034
/shared/homes/s1/pig_microbiome/out_new/29864/reads/29864-170214-01_cleaned_paired.fq.gz	41312130
/shared/homes/s1/pig_microbiome/out_new/29864/reads/29864-170221-01_cleaned_paired.fq.gz	26391966
/shared/homes/s1/pig_microbiome/out_new/29864/reads/29864-170224-01_cleaned_paired.fq.gz	39718374
/shared/homes/s1/pig_microbiome/out_new/29864/reads/29864-170228-01_cleaned_paired.fq.gz	48151854
/shared/homes/s1/pig_microbiome/out_new/29864/reads/29864-170303-01_cleaned_paired.fq.gz	53394706
/shared/homes/s1/pig_microbiome/out_new/29864/reads/29864-170306-01_cleaned_paired.fq.gz	48098208
/shared/homes/s1/pig_microbiome/out_new/29865/reads/29865-170131-01_cleaned_paired.fq.gz	47730776
/shared/homes/s1/pig_microbiome/out_new/29865/reads/29865-170131-02_cleaned_paired.fq.gz	16756782
/shared/homes/s1/pig_microbiome/out_new/29865/reads/29865-170203-01_cleaned_paired.fq.gz	33613142
/shared/homes/s1/pig_microbiome/out_new/29865/reads/29865-170207-01_cleaned_paired.fq.gz	34244764
/shared/homes/s1/pig_microbiome/out_new/29865/reads/29865-170210-01_cleaned_paired.fq.gz	34526452
/shared/homes/s1/pig_microbiome/out_new/29865/reads/29865-170214-01_cleaned_paired.fq.gz	43973142
/shared/homes/s1/pig_microbiome/out_new/29865/reads/29865-170221-01_cleaned_paired.fq.gz	30579252
/shared/homes/s1/pig_microbiome/out_new/29865/reads/29865-170224-01_cleaned_paired.fq.gz	17775000
/shared/homes/s1/pig_microbiome/out_new/29865/reads/29865-170228-01_cleaned_paired.fq.gz	35795958
/shared/homes/s1/pig_microbiome/out_new/29865/reads/29865-170303-01_cleaned_paired.fq.gz	30663386
/shared/homes/s1/pig_microbiome/out_new/29865/reads/29865-170308-01_cleaned_paired.fq.gz	39342552
/shared/homes/s1/pig_microbiome/out_new/29867/reads/29867-170131-01_cleaned_paired.fq.gz	40616572
/shared/homes/s1/pig_microbiome/out_new/29867/reads/29867-170206-01_cleaned_paired.fq.gz	36363038
/shared/homes/s1/pig_microbiome/out_new/29875/reads/29875-170131-01_cleaned_paired.fq.gz	26429370
/shared/homes/s1/pig_microbiome/out_new/29875/reads/29875-170203-01_cleaned_paired.fq.gz	43738922
/shared/homes/s1/pig_microbiome/out_new/29875/reads/29875-170207-01_cleaned_paired.fq.gz	34522696
/shared/homes/s1/pig_microbiome/out_new/29875/reads/29875-170207-02_cleaned_paired.fq.gz	21054656
/shared/homes/s1/pig_microbiome/out_new/29875/reads/29875-170210-01_cleaned_paired.fq.gz	37871754
/shared/homes/s1/pig_microbiome/out_new/29875/reads/29875-170214-01_cleaned_paired.fq.gz	30224828
/shared/homes/s1/pig_microbiome/out_new/29875/reads/29875-170221-01_cleaned_paired.fq.gz	40276750
/shared/homes/s1/pig_microbiome/out_new/29875/reads/29875-170224-01_cleaned_paired.fq.gz	37889924
/shared/homes/s1/pig_microbiome/out_new/29875/reads/29875-170228-01_cleaned_paired.fq.gz	35047374
/shared/homes/s1/pig_microbiome/out_new/29875/reads/29875-170303-01_cleaned_paired.fq.gz	31581898
/shared/homes/s1/pig_microbiome/out_new/29875/reads/29875-170309-01_cleaned_paired.fq.gz	32490570
/shared/homes/s1/pig_microbiome/out_new/29876/reads/29876-170131-01_cleaned_paired.fq.gz	21980130
/shared/homes/s1/pig_microbiome/out_new/29898/reads/29898-170131-01_cleaned_paired.fq.gz	36139340
/shared/homes/s1/pig_microbiome/out_new/29898/reads/29898-170207-01_cleaned_paired.fq.gz	21058616
/shared/homes/s1/pig_microbiome/out_new/29898/reads/29898-170214-01_cleaned_paired.fq.gz	55104084
/shared/homes/s1/pig_microbiome/out_new/29900/reads/29900-170131-01_cleaned_paired.fq.gz	31593700
/shared/homes/s1/pig_microbiome/out_new/29900/reads/29900-170207-01_cleaned_paired.fq.gz	21348956
/shared/homes/s1/pig_microbiome/out_new/29900/reads/29900-170214-01_cleaned_paired.fq.gz	114224954
/shared/homes/s1/pig_microbiome/out_new/29900/reads/29900-170217-01_cleaned_paired.fq.gz	41101100
/shared/homes/s1/pig_microbiome/out_new/29901/reads/29901-170131-01_cleaned_paired.fq.gz	13564708
/shared/homes/s1/pig_microbiome/out_new/29901/reads/29901-170207-01_cleaned_paired.fq.gz	30230682
/shared/homes/s1/pig_microbiome/out_new/29901/reads/29901-170214-01_cleaned_paired.fq.gz	61775720
/shared/homes/s1/pig_microbiome/out_new/29901/reads/29901-170216-01_cleaned_paired.fq.gz	40279196
/shared/homes/s1/pig_microbiome/out_new/29912/reads/29912-170131-01_cleaned_paired.fq.gz	43086376
/shared/homes/s1/pig_microbiome/out_new/29912/reads/29912-170207-01_cleaned_paired.fq.gz	26887968
/shared/homes/s1/pig_microbiome/out_new/29912/reads/29912-170214-01_cleaned_paired.fq.gz	48203456
/shared/homes/s1/pig_microbiome/out_new/29913/reads/29913-170131-01_cleaned_paired.fq.gz	44000812
/shared/homes/s1/pig_microbiome/out_new/29913/reads/29913-170207-01_cleaned_paired.fq.gz	29394158
/shared/homes/s1/pig_microbiome/out_new/29913/reads/29913-170214-01_cleaned_paired.fq.gz	63781414
/shared/homes/s1/pig_microbiome/out_new/29913/reads/29913-170221-01_cleaned_paired.fq.gz	37954618
/shared/homes/s1/pig_microbiome/out_new/29913/reads/29913-170228-01_cleaned_paired.fq.gz	36620130
/shared/homes/s1/pig_microbiome/out_new/29913/reads/29913-170309-01_cleaned_paired.fq.gz	40133980
/shared/homes/s1/pig_microbiome/out_new/29914/reads/29914-170131-01_cleaned_paired.fq.gz	16514734
/shared/homes/s1/pig_microbiome/out_new/29914/reads/29914-170207-01_cleaned_paired.fq.gz	24918360
/shared/homes/s1/pig_microbiome/out_new/29914/reads/29914-170214-01_cleaned_paired.fq.gz	32858072
/shared/homes/s1/pig_microbiome/out_new/29914/reads/29914-170216-01_cleaned_paired.fq.gz	32234668
/shared/homes/s1/pig_microbiome/out_new/29924/reads/29924-170131-01_cleaned_paired.fq.gz	38504928
/shared/homes/s1/pig_microbiome/out_new/29924/reads/29924-170203-01_cleaned_paired.fq.gz	24936498
/shared/homes/s1/pig_microbiome/out_new/29924/reads/29924-170207-01_cleaned_paired.fq.gz	30464916
/shared/homes/s1/pig_microbiome/out_new/29924/reads/29924-170207-02_cleaned_paired.fq.gz	36829570
/shared/homes/s1/pig_microbiome/out_new/29924/reads/29924-170210-01_cleaned_paired.fq.gz	36087280
/shared/homes/s1/pig_microbiome/out_new/29924/reads/29924-170214-01_cleaned_paired.fq.gz	4021176
/shared/homes/s1/pig_microbiome/out_new/29924/reads/29924-170221-01_cleaned_paired.fq.gz	19430134
/shared/homes/s1/pig_microbiome/out_new/29924/reads/29924-170224-01_cleaned_paired.fq.gz	29180466
/shared/homes/s1/pig_microbiome/out_new/29924/reads/29924-170228-01_cleaned_paired.fq.gz	37449978
/shared/homes/s1/pig_microbiome/out_new/29924/reads/29924-170303-01_cleaned_paired.fq.gz	30732626
/shared/homes/s1/pig_microbiome/out_new/29924/reads/29924-170310-01_cleaned_paired.fq.gz	24224268
/shared/homes/s1/pig_microbiome/out_new/29931/reads/29931-170131-01_cleaned_paired.fq.gz	27863054
/shared/homes/s1/pig_microbiome/out_new/29931/reads/29931-170203-01_cleaned_paired.fq.gz	32238186
/shared/homes/s1/pig_microbiome/out_new/29931/reads/29931-170207-01_cleaned_paired.fq.gz	28733600
/shared/homes/s1/pig_microbiome/out_new/29931/reads/29931-170210-01_cleaned_paired.fq.gz	23135346
/shared/homes/s1/pig_microbiome/out_new/29931/reads/29931-170214-01_cleaned_paired.fq.gz	31387632
/shared/homes/s1/pig_microbiome/out_new/29931/reads/29931-170221-01_cleaned_paired.fq.gz	37271510
/shared/homes/s1/pig_microbiome/out_new/29931/reads/29931-170224-01_cleaned_paired.fq.gz	32362598
/shared/homes/s1/pig_microbiome/out_new/29931/reads/29931-170228-01_cleaned_paired.fq.gz	32050910
/shared/homes/s1/pig_microbiome/out_new/29931/reads/29931-170303-01_cleaned_paired.fq.gz	32169788
/shared/homes/s1/pig_microbiome/out_new/29931/reads/29931-170306-01_cleaned_paired.fq.gz	24175012
/shared/homes/s1/pig_microbiome/out_new/29934/reads/29934-170131-01_cleaned_paired.fq.gz	38738616
/shared/homes/s1/pig_microbiome/out_new/29934/reads/29934-170131-02_cleaned_paired.fq.gz	28733240
/shared/homes/s1/pig_microbiome/out_new/29934/reads/29934-170203-01_cleaned_paired.fq.gz	31802746
/shared/homes/s1/pig_microbiome/out_new/29934/reads/29934-170207-01_cleaned_paired.fq.gz	27106344
/shared/homes/s1/pig_microbiome/out_new/29934/reads/29934-170210-01_cleaned_paired.fq.gz	30385742
/shared/homes/s1/pig_microbiome/out_new/29934/reads/29934-170214-01_cleaned_paired.fq.gz	48102558
/shared/homes/s1/pig_microbiome/out_new/29934/reads/29934-170221-01_cleaned_paired.fq.gz	45512460
/shared/homes/s1/pig_microbiome/out_new/29934/reads/29934-170224-01_cleaned_paired.fq.gz	34739644
/shared/homes/s1/pig_microbiome/out_new/29934/reads/29934-170228-01_cleaned_paired.fq.gz	30533988
/shared/homes/s1/pig_microbiome/out_new/29934/reads/29934-170308-01_cleaned_paired.fq.gz	27118858
/shared/homes/s1/pig_microbiome/out_new/29939/reads/29939-170131-01_cleaned_paired.fq.gz	26248790
/shared/homes/s1/pig_microbiome/out_new/29939/reads/29939-170207-01_cleaned_paired.fq.gz	27399656
/shared/homes/s1/pig_microbiome/out_new/29939/reads/29939-170214-01_cleaned_paired.fq.gz	45741354
/shared/homes/s1/pig_microbiome/out_new/29943/reads/29943-170131-01_cleaned_paired.fq.gz	27023824
/shared/homes/s1/pig_microbiome/out_new/29943/reads/29943-170207-01_cleaned_paired.fq.gz	47566210
/shared/homes/s1/pig_microbiome/out_new/29943/reads/29943-170214-01_cleaned_paired.fq.gz	61172102
/shared/homes/s1/pig_microbiome/out_new/29943/reads/29943-170217-01_cleaned_paired.fq.gz	40830780
/shared/homes/s1/pig_microbiome/out_new/29945/reads/29945-170131-01_cleaned_paired.fq.gz	27817536
/shared/homes/s1/pig_microbiome/out_new/29945/reads/29945-170206-01_cleaned_paired.fq.gz	26988656
/shared/homes/s1/pig_microbiome/out_new/29946/reads/29946-170131-01_cleaned_paired.fq.gz	12318
/shared/homes/s1/pig_microbiome/out_new/29946/reads/29946-170206-01_cleaned_paired.fq.gz	40394642
/shared/homes/s1/pig_microbiome/out_new/29948/reads/29948-170131-01_cleaned_paired.fq.gz	34656560
/shared/homes/s1/pig_microbiome/out_new/29948/reads/29948-170203-01_cleaned_paired.fq.gz	35084878
/shared/homes/s1/pig_microbiome/out_new/29948/reads/29948-170207-01_cleaned_paired.fq.gz	21766432
/shared/homes/s1/pig_microbiome/out_new/29948/reads/29948-170210-01_cleaned_paired.fq.gz	30607266
/shared/homes/s1/pig_microbiome/out_new/29948/reads/29948-170214-01_cleaned_paired.fq.gz	34039518
/shared/homes/s1/pig_microbiome/out_new/29948/reads/29948-170221-01_cleaned_paired.fq.gz	56273492
/shared/homes/s1/pig_microbiome/out_new/29948/reads/29948-170224-01_cleaned_paired.fq.gz	30640134
/shared/homes/s1/pig_microbiome/out_new/29948/reads/29948-170228-01_cleaned_paired.fq.gz	47935608
/shared/homes/s1/pig_microbiome/out_new/29948/reads/29948-170303-01_cleaned_paired.fq.gz	33514074
/shared/homes/s1/pig_microbiome/out_new/29948/reads/29948-170306-01_cleaned_paired.fq.gz	39116572
/shared/homes/s1/pig_microbiome/out_new/29949/reads/29949-170131-01_cleaned_paired.fq.gz	28700388
/shared/homes/s1/pig_microbiome/out_new/29949/reads/29949-170207-01_cleaned_paired.fq.gz	51777906
/shared/homes/s1/pig_microbiome/out_new/29949/reads/29949-170214-01_cleaned_paired.fq.gz	34239948
/shared/homes/s1/pig_microbiome/out_new/29949/reads/29949-170221-01_cleaned_paired.fq.gz	48991376
/shared/homes/s1/pig_microbiome/out_new/29949/reads/29949-170228-01_cleaned_paired.fq.gz	58160666
/shared/homes/s1/pig_microbiome/out_new/29949/reads/29949-170309-01_cleaned_paired.fq.gz	36897184
/shared/homes/s1/pig_microbiome/out_new/29951/reads/29951-170131-01_cleaned_paired.fq.gz	31052700
/shared/homes/s1/pig_microbiome/out_new/29951/reads/29951-170131-02_cleaned_paired.fq.gz	29688690
/shared/homes/s1/pig_microbiome/out_new/29951/reads/29951-170203-01_cleaned_paired.fq.gz	33091038
/shared/homes/s1/pig_microbiome/out_new/29951/reads/29951-170207-01_cleaned_paired.fq.gz	34746942
/shared/homes/s1/pig_microbiome/out_new/29951/reads/29951-170210-01_cleaned_paired.fq.gz	24486944
/shared/homes/s1/pig_microbiome/out_new/29951/reads/29951-170214-01_cleaned_paired.fq.gz	33477788
/shared/homes/s1/pig_microbiome/out_new/29951/reads/29951-170221-01_cleaned_paired.fq.gz	28704944
/shared/homes/s1/pig_microbiome/out_new/29951/reads/29951-170224-01_cleaned_paired.fq.gz	38919516
/shared/homes/s1/pig_microbiome/out_new/29951/reads/29951-170228-01_cleaned_paired.fq.gz	33824918
/shared/homes/s1/pig_microbiome/out_new/29951/reads/29951-170303-01_cleaned_paired.fq.gz	28282036
/shared/homes/s1/pig_microbiome/out_new/29951/reads/29951-170308-01_cleaned_paired.fq.gz	25903336
/shared/homes/s1/pig_microbiome/out_new/29961/reads/29961-170131-01_cleaned_paired.fq.gz	19221814
/shared/homes/s1/pig_microbiome/out_new/29961/reads/29961-170203-01_cleaned_paired.fq.gz	103142790
/shared/homes/s1/pig_microbiome/out_new/29961/reads/29961-170207-01_cleaned_paired.fq.gz	38057228
/shared/homes/s1/pig_microbiome/out_new/29961/reads/29961-170210-01_cleaned_paired.fq.gz	31517994
/shared/homes/s1/pig_microbiome/out_new/29961/reads/29961-170214-01_cleaned_paired.fq.gz	38552690
/shared/homes/s1/pig_microbiome/out_new/29961/reads/29961-170221-01_cleaned_paired.fq.gz	47272636
/shared/homes/s1/pig_microbiome/out_new/29961/reads/29961-170224-01_cleaned_paired.fq.gz	39599510
/shared/homes/s1/pig_microbiome/out_new/29961/reads/29961-170228-01_cleaned_paired.fq.gz	29607378
/shared/homes/s1/pig_microbiome/out_new/29961/reads/29961-170303-01_cleaned_paired.fq.gz	40473446
/shared/homes/s1/pig_microbiome/out_new/29961/reads/29961-170309-01_cleaned_paired.fq.gz	28834370
/shared/homes/s1/pig_microbiome/out_new/29962/reads/29962-170131-01_cleaned_paired.fq.gz	31947028
/shared/homes/s1/pig_microbiome/out_new/29962/reads/29962-170207-01_cleaned_paired.fq.gz	32672242
/shared/homes/s1/pig_microbiome/out_new/29962/reads/29962-170214-01_cleaned_paired.fq.gz	73515666
/shared/homes/s1/pig_microbiome/out_new/29962/reads/29962-170221-01_cleaned_paired.fq.gz	101109482
/shared/homes/s1/pig_microbiome/out_new/29962/reads/29962-170228-01_cleaned_paired.fq.gz	36107376
/shared/homes/s1/pig_microbiome/out_new/29962/reads/29962-170307-01_cleaned_paired.fq.gz	37548554
